0,喜茶(北京王府井喜悦购物中心店),餐饮服务;冷饮店;冷饮店,王府井大街301号喜悦购物中心B1-P033号商铺,116.410603,39.909903,北京市,北京市,东城区,22,0,抗寒：重度商务刚需,44
1,霸王茶姬(北京王府井喜悦店),餐饮服务;冷饮店;冷饮店,北京城区王府井大街301号1层101内P012号,116.410561,39.909833,北京市,北京市,东城区,22,0,抗寒：重度商务刚需,44
2,奈雪的茶(王府井喜悦购物中心店),餐饮服务;冷饮店;冷饮店,东华门街道王府井大街301号王府井喜悦购物中心B1-P031,116.410988,39.90968,北京市,北京市,东城区,24,0,抗寒：重度商务刚需,48
3,茶百道(北京王府井喜悦中心店),餐饮服务;休闲餐饮场所;休闲餐饮场所,王府井大街301号G-B1-P030(王府井地铁站F1东口步行190米),116.410594,39.909954,北京市,北京市,东城区,22,0,抗寒：重度商务刚需,44
4,瑞幸咖啡(王府井喜悦店),餐饮服务;咖啡厅;咖啡厅,王府井大街301号王府井喜悦购物中心B2层P029号,116.410563,39.909897,北京市,北京市,东城区,22,0,抗寒：重度商务刚需,44
5,LELECHA乐乐茶(王府井喜悦店),餐饮服务;冷饮店;冷饮店,东华门街道王府井大街301号(王府地铁站F1东口步行70米)王府巷喜悦购物中心负一层,116.4105,39.90993,北京市,北京市,东城区,22,0,抗寒：重度商务刚需,44
6,喜茶(北京东方新天地店),餐饮服务;冷饮店;冷饮店,长安街1号东方新天地LG17号商铺,116.412893,39.909235,北京市,北京市,东城区,22,0,抗寒：重度商务刚需,44
7,LINLEE·手打柠檬茶(王府井喜悦店),餐饮服务;冷饮店;冷饮店,王府井大街301号王府井喜悦购物中心B1层,116.410709,39.909872,北京市,北京市,东城区,22,0,抗寒：重度商务刚需,44
8,兰熊鲜奶(东方新天地店),餐饮服务;冷饮店;冷饮店,东长安街1号北京东方新天地LG层FF01,116.412387,39.909517,北京市,北京市,东城区,23,0,抗寒：重度商务刚需,46
9,蜜雪冰城(王府井喜悦店),餐饮服务;冷饮店;冷饮店,王府井大街301-1号1层1号,116.410892,39.91037,北京市,北京市,东城区,26,0,抗寒：重度商务刚需,52
10,牛茶燕窝饮品(东方新天地店),餐饮服务;冷饮店;冷饮店,长安街东方新天地地铁层B1层第三区EE06B,116.41433,39.90949,北京市,北京市,东城区,0,0,中庸：混合社区,0
11,垂涎冰淇淋·茶饮(王府井喜悦店),餐饮服务;冷饮店;冷饮店,东城区王府井喜悦购物中心地下一层(垂涎冰淇淋),116.410557,39.909902,北京市,北京市,东城区,22,0,抗寒：重度商务刚需,44
12,喜茶(北京前门大街店),餐饮服务;冷饮店;冷饮店,前门大街2号一层103(前门地铁站I西南口步行80米),116.398255,39.898173,北京市,北京市,东城区,3,0,中庸：混合社区,6
13,裕莲茶楼(北京apm店),餐饮服务;冷饮店;冷饮店,王府井大街138号APMB1层B109-B110、B109A,116.412001,39.914799,北京市,北京市,东城区,27,1,抗寒：重度商务刚需,49
14,长春堂顺时而饮(前门店),餐饮服务;餐饮相关场所;餐饮相关,北京城区鲜鱼口街69号(前门地铁站G东南口步行340米),116.400806,39.89638,北京市,北京市,东城区,3,5,中庸：混合社区,-19
15,李先生牛肉面大王(北京崇文门西大街餐厅),餐饮服务;快餐厅;快餐厅,崇文门西大街2号崇文门饭店2-2,116.417619,39.900634,北京市,北京市,东城区,20,1,中庸：混合社区,35
16,煮叶(北京apm店),餐饮服务;冷饮店;冷饮店|餐饮服务;中餐厅;中餐厅,王府井大街138号B1层B107号,116.412583,39.914965,北京市,北京市,东城区,28,1,抗寒：重度商务刚需,51
17,煮叶(东方广场店),餐饮服务;休闲餐饮场所;休闲餐饮场所,北京城区东长安街1号北京东方新天地商场地铁层BB78号,116.41608,39.90942,北京市,北京市,东城区,21,0,抗寒：重度商务刚需,42
18,喜茶(北京apm店),餐饮服务;冷饮店;冷饮店,王府井大街138号北京apm B1层B103A号商铺,116.412444,39.915228,北京市,北京市,东城区,30,1,抗寒：重度商务刚需,55
19,CHAGEE霸王茶姬(北京王府井APM店),餐饮服务;冷饮店;冷饮店,王府井大街138号北京apmB1层,116.412681,39.915039,北京市,北京市,东城区,0,0,中庸：混合社区,0
20,luckin coffee 瑞幸咖啡(廊房头条店),餐饮服务;咖啡厅;咖啡厅,北京城区廊房头条2号院2号楼一层,116.397116,39.897472,北京市,北京市,西城区,3,4,中庸：混合社区,-14
21,茉莉奶白(北京王府井APM店),餐饮服务;冷饮店;冷饮店,王府井大街138号东安市场B1层(金鱼胡同地铁站出入口旁),116.412017,39.914413,北京市,北京市,东城区,25,1,抗寒：重度商务刚需,45
22,CoCo都可(王府井APM店),餐饮服务;冷饮店;冷饮店,王府井大街138号新东安广场四层L426A,116.411877,39.913865,北京市,北京市,东城区,26,1,抗寒：重度商务刚需,47
23,1点点(国瑞购物中心店),餐饮服务;冷饮店;冷饮店,崇文门外大街18号国瑞购物中心G-40,116.419213,39.898029,北京市,北京市,东城区,21,3,抗寒：重度商务刚需,27
24,喜茶(北京东城崇文门摩方店),餐饮服务;冷饮店;冷饮店,崇文门合景摩方购物中心1层102,116.417629,39.899593,北京市,北京市,东城区,21,3,抗寒：重度商务刚需,27
25,CHAGEE霸王茶姬(北京东方新天地店),餐饮服务;冷饮店;冷饮店,东长安街1号东方新天地东门首层第五区AA67E,116.416872,39.909616,北京市,北京市,东城区,23,0,抗寒：重度商务刚需,46
26,爷爷不泡茶NOYEYENOTEA(北京王府井东安门店),餐饮服务;餐饮相关场所;餐饮相关,东安门大街53号(金鱼胡同地铁站C西南口步行210米),116.408066,39.915533,北京市,北京市,东城区,25,3,抗寒：重度商务刚需,35
27,沪上阿姨·精选茶饮(北京国瑞城店),餐饮服务;冷饮店;冷饮店,北京城区崇文门外大街18号院1幢GZD-21号院铺,116.419687,39.898269,北京市,北京市,东城区,20,3,中庸：混合社区,25
28,柠季·手打柠檬茶(北京王府井APM旗舰店),餐饮服务;冷饮店;冷饮店,王府井大街138号北京APM购物中心6楼豆之屋旁边,116.412071,39.914864,北京市,北京市,东城区,29,1,抗寒：重度商务刚需,53
29,蜜雪冰城(国瑞购物中心店),餐饮服务;冷饮店;冷饮店,崇文门外大街18号1幢地下一层一点点奶茶旁边,116.419194,39.898231,北京市,北京市,东城区,20,3,中庸：混合社区,25
30,喜茶(北京崇文门国瑞城店),餐饮服务;冷饮店;冷饮店,北京城区崇文门外大街18号1幢F1-27号号商铺,116.419367,39.898935,北京市,北京市,东城区,20,3,中庸：混合社区,25
31,CHAGEE霸王茶姬(北京国瑞城店),餐饮服务;冷饮店;冷饮店,崇文门外大街18号便宜坊大厦一层18-4,116.419315,39.89873,北京市,北京市,东城区,20,3,中庸：混合社区,25
32,LINLEE·手打柠檬茶(王府井APM店),餐饮服务;冷饮店;冷饮店,王府井大街138号apm五层(小大董旁),116.411959,39.914316,北京市,北京市,东城区,25,0,抗寒：重度商务刚需,50
33,爷爷不泡茶NOYEYENOTEA(北京崇文门搜秀店),餐饮服务;冷饮店;冷饮店,崇文门外大街40号1幢1层115-116A号,116.419191,39.896594,北京市,北京市,东城区,26,1,抗寒：重度商务刚需,47
34,茶百道(北京东城国瑞购物中心店),餐饮服务;冷饮店;冷饮店,崇文门国瑞购物中心G层宝食港超级美食街FC-31,116.419656,39.898152,北京市,北京市,东城区,21,3,抗寒：重度商务刚需,27
35,蜜雪冰城(新怡商务楼店),餐饮服务;冷饮店;冷饮店,崇文门外大街5号(崇文门地铁站H西南口步行360米),116.416916,39.897494,北京市,北京市,东城区,32,0,抗寒：重度商务刚需,64
36,喜茶(北京崇文门新世界店),餐饮服务;冷饮店;冷饮店,崇文门外大街3号新世界百货一期一层L01F001号,116.417929,39.898756,北京市,北京市,东城区,21,0,抗寒：重度商务刚需,42
37,瑞幸咖啡(澳门中心店),餐饮服务;咖啡厅;咖啡厅,北京城区王府井东街8号澳门中心一层L117,116.413065,39.914684,北京市,北京市,东城区,27,0,抗寒：重度商务刚需,54
38,茉酸奶( 北京搜秀城店 ),餐饮服务;冷饮店;冷饮店,崇文门外大街40号搜秀购物广场F1层,116.419374,39.896498,北京市,北京市,东城区,26,0,抗寒：重度商务刚需,52
39,1点点(前门店),餐饮服务;冷饮店;冷饮店,煤市街弓字胡同21号(前门地铁站C西南口步行360米),116.394437,39.897922,北京市,北京市,西城区,2,4,中庸：混合社区,-16
40,茶百道(北京市前门大街店),餐饮服务;冷饮店;冷饮店,北京城区粮食店街38号,116.397682,39.894307,北京市,北京市,西城区,3,3,中庸：混合社区,-9
41,茉莉奶白(北京崇文门搜秀店),餐饮服务;冷饮店;冷饮店,崇文门外大街40号一层110A,116.419325,39.896568,北京市,北京市,东城区,0,1,中庸：混合社区,-5
42,茶满方庭(崇文门新世界百货2期店),餐饮服务;冷饮店;冷饮店,崇文门外大街3号新世界百货二期1层进大门直行30米,116.417247,39.896478,北京市,北京市,东城区,32,0,抗寒：重度商务刚需,64
43,爷爷不泡茶NOYEYENOTEA(北京大栅栏店),餐饮服务;冷饮店;冷饮店,大栅栏西街15号,116.3938,39.895463,北京市,北京市,西城区,3,0,中庸：混合社区,6
44,luckin coffee 瑞幸咖啡(东华门大街店),餐饮服务;休闲餐饮场所;休闲餐饮场所,北京城区东华门大街与智德前巷交叉口西南60米,116.404525,39.915025,北京市,北京市,东城区,5,2,中庸：混合社区,0
45,蜜雪冰城(前门大街店),餐饮服务;冷饮店;冷饮店,北京市东城区前门大街115号一层0105A,116.398088,39.89379,北京市,北京市,东城区,2,2,中庸：混合社区,-6
46,茶百道(北京王府井银泰in88店),餐饮服务;冷饮店;冷饮店,王府井大街88号银泰in88地下一层,116.411681,39.916064,北京市,北京市,东城区,28,2,抗寒：重度商务刚需,46
47,LINLEE·手打柠檬茶(西城前门店),餐饮服务;冷饮店;冷饮店,北京城区前门西大街正阳市场1号楼肯德基东侧,116.395225,39.899675,北京市,北京市,西城区,2,4,中庸：混合社区,-16
48,兰熊鲜奶(北京市百货大楼店),餐饮服务;冷饮店;冷饮店,王府井大街253号北京市百货大楼B1层,116.410318,39.914041,北京市,北京市,东城区,23,2,抗寒：重度商务刚需,36
49,CoCo都可(搜秀城一店),餐饮服务;冷饮店;冷饮店,崇文门外大街搜秀40号一层第106柜位,116.419224,39.89683,北京市,北京市,东城区,26,1,抗寒：重度商务刚需,47
50,茉酸奶(王府井店),餐饮服务;冷饮店;冷饮店,王府井大街88号银泰in88地下一层1026号,116.411759,39.91599,北京市,北京市,东城区,28,0,抗寒：重度商务刚需,56
51,蜜雪冰城(前门皮影主题店),餐饮服务;冷饮店;冷饮店,北京城区前门大街2号一层105室,116.398227,39.898383,北京市,北京市,东城区,3,4,中庸：混合社区,-14
52,茶百道(北京王府国际店),餐饮服务;休闲餐饮场所;休闲餐饮场所,王府井大街219号B1,116.410405,39.915694,北京市,北京市,东城区,28,2,抗寒：重度商务刚需,46
53,LINLEE·手打柠檬茶(王府井银泰in88店),餐饮服务;冷饮店;冷饮店,王府井银泰in88B1022,116.411545,39.915733,北京市,北京市,东城区,29,2,抗寒：重度商务刚需,48
54,沪上阿姨·精选茶饮(北京大栅栏店),餐饮服务;冷饮店;冷饮店,北京城区大栅栏街18号1幢1层05、08,116.396591,39.895845,北京市,北京市,西城区,3,3,中庸：混合社区,-9
55,luckin coffee 瑞幸咖啡(东单北大街店),餐饮服务;餐饮相关场所;餐饮相关,北京城区东单北大街92号(东单地铁站F东北口步行320米),116.418163,39.911315,北京市,北京市,东城区,18,0,中庸：混合社区,36
56,兰熊鲜奶(国瑞购物中心店),餐饮服务;冷饮店;冷饮店,崇文门外大街18号国瑞购物中心G层,116.420248,39.898778,北京市,北京市,东城区,17,3,中庸：混合社区,19
57,蜜雪冰城(东安门大街店),餐饮服务;冷饮店;冷饮店,东安门大街36号(金鱼胡同地铁站C西南口步行110米),116.409362,39.915304,北京市,北京市,东城区,27,0,抗寒：重度商务刚需,54
58,茶百道(北京东城故宫东华门店),餐饮服务;冷饮店;冷饮店,北京城区东华门大街83号2幢,116.403124,39.915301,北京市,北京市,东城区,2,2,中庸：混合社区,-6
59,LINLEE·手打柠檬茶(国瑞购物中心店),餐饮服务;冷饮店;冷饮店,崇文门外大街18号国瑞购物中心B1层FC-14号铺,116.419625,39.898325,北京市,北京市,东城区,20,3,中庸：混合社区,25
60,李先生牛肉面大王(北京协和医院餐厅),餐饮服务;快餐厅;快餐厅,东单北大街69号-11,116.417789,39.911185,北京市,北京市,东城区,19,0,中庸：混合社区,38
61,luckin coffee 瑞幸咖啡(北京市百货大楼店),餐饮服务;休闲餐饮场所;休闲餐饮场所,王府井大街253号北京百货大楼2层,116.409825,39.913854,北京市,北京市,东城区,24,2,抗寒：重度商务刚需,38
62,新加坡斯味洛奶茶(国瑞购物中心店),餐饮服务;餐饮相关场所;餐饮相关,崇文门外大街18号国瑞购物中心F1层,116.419325,39.898775,北京市,北京市,东城区,20,3,中庸：混合社区,25
63,蜜雪冰城(大栅栏西街店),餐饮服务;冷饮店;冷饮店,大栅栏街21号1幢,116.395898,39.895964,北京市,北京市,西城区,0,3,中庸：混合社区,-15
64,椿风·养身茶饮(北京APM店),餐饮服务;餐饮相关场所;餐饮相关,王府井大街138号北京apmB2层(金鱼胡同地铁站出入口旁),116.412066,39.91493,北京市,北京市,东城区,29,0,抗寒：重度商务刚需,58
65,LINLEE·手打柠檬茶(崇文门搜秀店),餐饮服务;冷饮店;冷饮店,崇文门外大街40号搜秀城1层107B(搜秀城北门内),116.419373,39.896576,北京市,北京市,东城区,26,1,抗寒：重度商务刚需,47
66,沪上阿姨鲜果茶(北京丰泰中心店),餐饮服务;冷饮店;冷饮店,珠市口东大街2号1层115室,116.416208,39.892596,北京市,北京市,东城区,18,0,中庸：混合社区,36
67,瑞幸咖啡(国瑞购物中心店),餐饮服务;咖啡厅;咖啡厅,崇文门外大街18号国瑞购物中心负一层,116.419479,39.898242,北京市,北京市,东城区,20,3,中庸：混合社区,25
68,Yes Lemon就是柠·手打柠檬茶(北京崇文门搜秀城店),餐饮服务;冷饮店;冷饮店,北京城区崇文门外大街40号一层西北03A,116.419325,39.896568,北京市,北京市,东城区,26,1,抗寒：重度商务刚需,47
69,蜜雪冰城(王府井店),餐饮服务;冷饮店;冷饮店,王府井大街世纪大厦A座(金鱼胡同地铁站C西南口步行490米),116.410813,39.919079,北京市,北京市,东城区,20,1,中庸：混合社区,35
70,长春堂顺时而饮(北京站店),餐饮服务;冷饮店;冷饮店,北京城区北京站东街与北京站街交叉口南20米,116.427247,39.904902,北京市,北京市,东城区,13,2,中庸：混合社区,16
71,阿姨奶茶(前门西河沿街店),餐饮服务;餐饮相关场所;餐饮相关,前门西河沿街与煤市街交叉口西40米,116.394916,39.8989,北京市,北京市,西城区,2,0,中庸：混合社区,4
72,瑞幸咖啡(大栅栏西街店),餐饮服务;休闲餐饮场所;休闲餐饮场所,北京城区煤市街与大齐家胡同交叉口西80米,116.393663,39.895234,北京市,北京市,西城区,3,2,中庸：混合社区,-4
73,垂涎冰淇淋·茶饮(北京市百货大楼店),餐饮服务;冷饮店;冷饮店,王府井大街255号王府井百货大楼北馆二层,116.410262,39.913983,北京市,北京市,东城区,24,2,抗寒：重度商务刚需,38
74,蜜雪冰城(煤市街店),餐饮服务;冷饮店;冷饮店,北京城区煤市街7号(前门地铁站C西南口步行440米),116.394259,39.897007,北京市,北京市,西城区,3,3,中庸：混合社区,-9
75,奈雪的茶(雍贵中心店),餐饮服务;冷饮店;冷饮店,广渠门内大街41号1层43-04室,116.428722,39.894608,北京市,北京市,东城区,6,0,中庸：混合社区,12
76,李先生牛肉面大王(北京广渠门内餐厅),餐饮服务;快餐厅;快餐厅,广渠门内幸福大街通正国际大厦80-5,116.428489,39.892942,北京市,北京市,东城区,11,0,中庸：混合社区,22
77,茉莉奶白(北京隆福寺店),餐饮服务;冷饮店;冷饮店,北京城区隆福寺前街1号1层D115号WL1-23-1,116.414625,39.924835,北京市,北京市,东城区,11,0,中庸：混合社区,22
78,瑞幸咖啡(新成文化大厦店),餐饮服务;餐饮相关场所;餐饮相关,新成文化大厦(磁器口地铁站A西北口旁),116.418121,39.893627,北京市,北京市,东城区,20,0,中庸：混合社区,40
79,喜茶(北京东四隆福寺店),餐饮服务;冷饮店;冷饮店,隆福寺前街1号隆福寺南坊WL1-11,116.414093,39.924992,北京市,北京市,东城区,11,0,中庸：混合社区,22
80,蜜雪冰城(灯市口地铁站店),餐饮服务;冷饮店;冷饮店,西堂子胡同1号西堂子胡同1号院,116.417553,39.916567,北京市,北京市,东城区,11,0,中庸：混合社区,22
81,CozyCow现制乳品(隆福大厦店),餐饮服务;冷饮店;冷饮店,隆福寺街95号北京隆福寺街区L1层,116.414195,39.92553,北京市,北京市,东城区,10,0,中庸：混合社区,20
82,时珍序·古法茶饮(北京隆福寺店),餐饮服务;冷饮店;冷饮店,隆福寺街95号北京隆福寺街区L1层,116.413673,39.925029,北京市,北京市,东城区,0,0,中庸：混合社区,0
83,LINLEE·手打柠檬茶(东城隆福寺店),餐饮服务;冷饮店;冷饮店,隆福寺南坊A座1层WL1-05-1,116.413792,39.924709,北京市,北京市,东城区,11,0,中庸：混合社区,22
84,贡茶(赵堂子胡同店),餐饮服务;冷饮店;冷饮店,赵堂子胡同与朝阳门南小街交叉口东40米,116.427318,39.91431,北京市,北京市,东城区,9,0,中庸：混合社区,18
85,蜜雪冰城(东华门大街店),餐饮服务;冷饮店;冷饮店,东华门大街56号,116.404019,39.915118,北京市,北京市,东城区,5,2,中庸：混合社区,0
86,裕莲茶楼(北京西单更新场店),餐饮服务;休闲餐饮场所;休闲餐饮场所,西长安街街道西单北大街180号L106号,116.375475,39.908375,北京市,北京市,西城区,20,3,中庸：混合社区,25
87,蜜雪冰城,餐饮服务;冷饮店;冷饮店,东单北大街与北极阁路交叉口东北40米,116.418209,39.909981,北京市,北京市,东城区,19,0,中庸：混合社区,38
88,蜜雪冰城(北京天安门广场观旗宾馆店),餐饮服务;餐饮相关场所;餐饮相关,前门西大街正阳市场1号楼1层106,116.395527,39.89956,北京市,北京市,西城区,2,4,中庸：混合社区,-16
89,luckin coffee 瑞幸咖啡(王府井步行街店),餐饮服务;咖啡厅;咖啡厅,北京城区灯市口大街与东四南大街交叉口西南20米,116.417444,39.918651,北京市,北京市,东城区,8,0,中庸：混合社区,16
90,蜜雪冰城(灯市口店),餐饮服务;冷饮店;冷饮店,灯市口大街1号(灯市口地铁站A西北口步行170米),116.417494,39.919049,北京市,北京市,东城区,8,0,中庸：混合社区,16
91,蜜雪冰城(北京站东街店),餐饮服务;冷饮店;冷饮店,北京站东街与南裱褙胡同交叉口东120米,116.430463,39.905271,北京市,北京市,东城区,22,2,抗寒：重度商务刚需,34
92,luckin coffee 瑞幸咖啡(东四地铁站C口店),餐饮服务;咖啡厅;咖啡厅,北京城区东四北大街与朝阳门内大街交叉口南60米,116.417726,39.923716,北京市,北京市,东城区,12,0,中庸：混合社区,24
93,瑞幸咖啡(红桥市场店),餐饮服务;咖啡厅;咖啡厅,北京城区天坛东路46号迤北红桥市场负一层大堂,116.420627,39.886036,北京市,北京市,东城区,7,2,中庸：混合社区,4
94,蜜雪冰城(广渠门内大街辅路店),餐饮服务;冷饮店;冷饮店,广渠门内大街29号11幢一层021号,116.434586,39.893995,北京市,北京市,东城区,6,0,中庸：混合社区,12
95,蜜雪冰城(北京虎坊桥店),餐饮服务;餐饮相关场所;餐饮相关,虎坊路大街甲2-2号(虎坊桥地铁站C东南口步行160米),116.38511,39.888746,北京市,北京市,西城区,3,1,中庸：混合社区,1
96,兰熊鲜奶(隆福寺店),餐饮服务;甜品店;甜品店,隆福寺前街1号1层D115号WL1-23-2,116.4146,39.924874,北京市,北京市,东城区,11,0,中庸：混合社区,22
97,luckin coffee 瑞幸咖啡(东海中心店),餐饮服务;咖啡厅;咖啡厅,北京城区建国门外大街24号东海中心大厦一层大堂,116.438945,39.90729,北京市,北京市,朝阳区,19,1,中庸：混合社区,33
98,内蒙古宾馆·元大都奶茶餐吧,餐饮服务;中餐厅;中餐厅,美术馆后街71号内蒙古宾馆,116.408756,39.928283,北京市,北京市,东城区,3,0,中庸：混合社区,6
99,瑞幸咖啡(天安国汇大厦店),餐饮服务;咖啡厅;咖啡厅,北京城区西绒线胡同28号天安国汇大厦一层,116.376165,39.903652,北京市,北京市,西城区,7,0,中庸：混合社区,14
100,381奶茶(东四北大街店),餐饮服务;冷饮店;冷饮店,东四北大街381号(东四地铁站B东北口步行310米),116.417176,39.927509,北京市,北京市,东城区,10,0,中庸：混合社区,20
101,沪上阿姨·精选茶饮(北京汉光百货店),餐饮服务;冷饮店;冷饮店,西单北大街176号汉光百货F8层,116.375549,39.909468,北京市,北京市,西城区,0,3,中庸：混合社区,-15
102,奈喜乐·分子果汁(崇文门店),餐饮服务;甜品店;甜品店,东花市南里富贵园一区1号楼1单元101号,116.435361,39.897106,北京市,北京市,东城区,2,1,中庸：混合社区,-1
103,蜜雪冰城(天桥百货商场店),餐饮服务;冷饮店;冷饮店,永定门内大街1号天桥百货商场F1层,116.398328,39.880626,北京市,北京市,西城区,0,0,中庸：混合社区,0
104,CHAGEE霸王茶姬(霸王茶姬北京西单更新厂店),餐饮服务;休闲餐饮场所;休闲餐饮场所,北京城区西单北大街180号地下一层B101,116.374975,39.908575,北京市,北京市,西城区,0,3,中庸：混合社区,-15
105,淡马茶坊(北京西单更新场店),餐饮服务;茶艺馆;茶艺馆|餐饮服务;冷饮店;冷饮店,北京城区西单北大街180号地下一层B121号,116.37498,39.90827,北京市,北京市,西城区,20,3,中庸：混合社区,25
106,长春堂顺时而饮(东四五条店),餐饮服务;冷饮店;冷饮店,东四北大街376号1幢1层103室,116.417577,39.928547,北京市,北京市,东城区,12,0,中庸：混合社区,24
107,喜茶(北京庄胜崇光店),餐饮服务;餐饮相关场所;餐饮相关,宣武门外大街8号(宣武门地铁站G东南口步行70米),116.375439,39.89743,北京市,北京市,西城区,26,0,抗寒：重度商务刚需,52
108,桃梨里·紫砂炖梨·小吊梨汤·姨妈热饮(广渠门店),餐饮服务;冷饮店;冷饮店,东花市南里东区8号楼1层107,116.436565,39.89545,北京市,北京市,东城区,0,1,中庸：混合社区,-5
109,唐与茶(北京图书大厦店),餐饮服务;冷饮店;冷饮店,西长安街17号二层南侧01号(西单地铁站C东北口旁),116.377112,39.907833,北京市,北京市,西城区,8,3,中庸：混合社区,1
110,CHAGEE霸王茶姬(北京银河SOHO店),餐饮服务;冷饮店;冷饮店,南竹杆胡同2号银河SOHO购物中心B座1F层20123,116.43251,39.921202,北京市,北京市,东城区,29,0,抗寒：重度商务刚需,58
111,luckin coffee 瑞幸咖啡(西单蒙藏学校旧址店),餐饮服务;咖啡厅;咖啡厅,北京城区小石虎胡同33号(西单地铁站F1西北口步行290米),116.374302,39.909984,北京市,北京市,西城区,20,3,中庸：混合社区,25
112,CHAGEE霸王茶姬(北京宣武庄胜百货店),餐饮服务;冷饮店;冷饮店,宣武门外大街8号楼1层101-2106,116.37552,39.895899,北京市,北京市,西城区,25,0,抗寒：重度商务刚需,50
113,茶话弄(北京宣武门庄胜广场店),餐饮服务;休闲餐饮场所;休闲餐饮场所,宣武门外大街8号楼庄胜广场负1层-101-B1B16,116.375131,39.897565,北京市,北京市,西城区,26,0,抗寒：重度商务刚需,52
114,爷爷不泡茶NOYEYENOTEA(北京银河 SOHO 店)(暂停营业),餐饮服务;冷饮店;冷饮店,南竹杆胡同2号银河SOHO购物中心1F层,116.43285,39.920948,北京市,北京市,东城区,28,0,抗寒：重度商务刚需,56
115,蜜雪冰城(雅宝路店),餐饮服务;冷饮店;冷饮店,E园共享办公正门东50米,116.437289,39.915703,北京市,北京市,朝阳区,17,5,中庸：混合社区,9
116,兰熊鲜奶(庄胜百货店),购物服务;购物相关场所;购物相关场所,宣武门外大街8号庄胜崇光百货宣武门店B1层,116.375443,39.897508,北京市,北京市,西城区,26,0,抗寒：重度商务刚需,52
117,隆延茶鋪(建国门赛特+购物中心店),餐饮服务;冷饮店;冷饮店,建国门外大街22号赛特购物中心F3层,116.441625,39.907625,北京市,北京市,朝阳区,23,0,抗寒：重度商务刚需,46
118,茉酸奶(宣武门崇光百货店),餐饮服务;冷饮店;冷饮店,宣武门外大街8号庄胜崇光百货商场一楼,116.37526,39.895749,北京市,北京市,西城区,25,0,抗寒：重度商务刚需,50
119,阿水大杯茶(北京西单约饭街店),餐饮服务;冷饮店;冷饮店,西单北大街华威大厦七层,116.374668,39.911653,北京市,北京市,西城区,17,3,中庸：混合社区,19
120,LINLEE·手打柠檬茶(西单华威店),餐饮服务;冷饮店;冷饮店,北京城区西单北大街130-152号8层,116.374556,39.911486,北京市,北京市,西城区,18,3,中庸：混合社区,21
121,1点点(银河SOHO店),餐饮服务;冷饮店;冷饮店,南竹杆胡同2号银河SOHOA座,116.433617,39.921649,北京市,北京市,东城区,31,0,抗寒：重度商务刚需,62
122,隆延茶铺·正统奶茶(朝阳门SOHO店),餐饮服务;休闲餐饮场所;休闲餐饮场所,朝阳门街道朝阳门内大街2号朝阳门SOHO一期地下商业A115-2,116.432894,39.922414,北京市,北京市,东城区,31,0,抗寒：重度商务刚需,62
123,奈雪的茶(西单大悦城店),餐饮服务;冷饮店;冷饮店|购物服务;购物相关场所;购物相关场所,西单北大街131号西单大悦城购物中心4F,116.373493,39.910803,北京市,北京市,西城区,18,3,中庸：混合社区,21
124,沪上阿姨·精选茶饮(西单华威约饭街店),餐饮服务;冷饮店;冷饮店,北京城区西单北大街130-152号7层701号,116.374556,39.911486,北京市,北京市,西城区,18,3,中庸：混合社区,21
125,1点点(北京君太百货店),餐饮服务;冷饮店;冷饮店,西单北大街133号君太百货5层B-02号,116.373278,39.909415,北京市,北京市,西城区,22,3,抗寒：重度商务刚需,29
126,喜茶(北京赛特+购物中心店),餐饮服务;冷饮店;冷饮店,建国门外大街22号,116.441826,39.907381,北京市,北京市,朝阳区,23,0,抗寒：重度商务刚需,46
127,爷爷不泡茶NOYEYENOTEA(北京西单大悦城店),餐饮服务;冷饮店;冷饮店,西单北大街131号2F-49B,116.372816,39.910354,北京市,北京市,西城区,20,3,中庸：混合社区,25
128,LINLEE·手打柠檬茶(西单君太百货店),餐饮服务;冷饮店;冷饮店,北京城区西单北大街133号君太百货B1F层第E-09号君太百货B1层,116.373182,39.909573,北京市,北京市,西城区,22,0,抗寒：重度商务刚需,44
129,LINLEE·手打柠檬茶(崇光百货店),餐饮服务;冷饮店;冷饮店,宣武门外大街8号庄胜崇光百货商场B1C12-2,116.375341,39.897761,北京市,北京市,西城区,26,0,抗寒：重度商务刚需,52
130,蜜雪冰城(西单店),餐饮服务;冷饮店;冷饮店,西单北大街104号(灵境胡同地铁站C东南口步行70米),116.373959,39.915131,北京市,北京市,西城区,7,0,中庸：混合社区,14
131,茉莉奶白(西单大悦城店),餐饮服务;冷饮店;冷饮店,西单北大街大悦城4层(西单地铁站F1西北口步行320米),116.372742,39.911411,北京市,北京市,西城区,18,3,中庸：混合社区,21
132,蜜雪冰城(朝阳门SOHO店),餐饮服务;冷饮店;冷饮店,南竹杆胡同1号朝阳门SOHOF地下1层116,116.433007,39.922356,北京市,北京市,东城区,31,0,抗寒：重度商务刚需,62
133,煮叶(大吉巷店),餐饮服务;中餐厅;中餐厅,骡马市大街264号东门4号楼一层F113,116.376965,39.887915,北京市,北京市,西城区,4,1,中庸：混合社区,3
134,LELECHA乐乐茶(北京西单大悦城店),餐饮服务;冷饮店;冷饮店,北京城区西单北大街西单大悦城131号6f-02b,116.372998,39.91047,北京市,北京市,西城区,20,3,中庸：混合社区,25
135,蜜雪冰城(富卓商厦店),餐饮服务;冷饮店;冷饮店,宣武门外大街32号富卓商厦F1层,116.375265,39.893093,北京市,北京市,西城区,0,0,中庸：混合社区,0
136,茉莉奶白(北京中海大吉巷店),餐饮服务;冷饮店;冷饮店,广安门内大街与菜市口大街交叉口西北20米,116.374225,39.889075,北京市,北京市,西城区,4,1,中庸：混合社区,3
137,茶百道(沃尔玛门店),餐饮服务;冷饮店;冷饮店,宣武门外大街36号1幢1层F1F0017F1F0002-B号,116.375363,39.893126,北京市,北京市,西城区,12,1,中庸：混合社区,19
138,兰熊鲜奶(西单大悦城店),餐饮服务;冷饮店;冷饮店|购物服务;购物相关场所;购物相关场所,西单北大街西单大悦城6F-16A,116.372942,39.911364,北京市,北京市,西城区,18,3,中庸：混合社区,21
139,CHAGEE霸王茶姬(中海大吉巷店),餐饮服务;休闲餐饮场所;休闲餐饮场所,大吉中街东口,116.377375,39.887525,北京市,北京市,西城区,4,0,中庸：混合社区,8
140,山茶赋·新中式鲜奶茶(西单华威店),餐饮服务;冷饮店;冷饮店,北京城区西单北大街130-152号西单购物中心6层33号,116.37448,39.911312,北京市,北京市,西城区,18,3,中庸：混合社区,21
141,么么侠的茶(赛特+购物中心店),餐饮服务;冷饮店;冷饮店,建国门外大街22号赛特+购物中心F1层,116.441641,39.907608,北京市,北京市,朝阳区,23,0,抗寒：重度商务刚需,46
142,luckin coffee 瑞幸咖啡(北京中海大吉巷商业街区店),餐饮服务;咖啡厅;咖啡厅,北京城区骡马市大街264号中海大吉巷负一层,116.375946,39.888503,北京市,北京市,西城区,4,0,中庸：混合社区,8
143,喜茶(北京朝阳门外店),餐饮服务;冷饮店;冷饮店,北京城区朝外大街路26号1层F1-08室,116.441183,39.921738,北京市,北京市,朝阳区,22,1,抗寒：重度商务刚需,39
144,喜茶(北京朝阳门SOHO店),餐饮服务;冷饮店;冷饮店,朝阳门内大街朝阳门SOHOB1层A115-1,116.432604,39.923718,北京市,北京市,东城区,25,0,抗寒：重度商务刚需,50
145,茉酸奶(华威大厦店)(暂停营业),餐饮服务;冷饮店;冷饮店,西长安街街道西单北大街华威大厦344商铺,116.374572,39.911414,北京市,北京市,西城区,0,3,中庸：混合社区,-15
146,陆藜开了个方子(北京银河SOHO店),餐饮服务;休闲餐饮场所;休闲餐饮场所,北京城区南竹杆胡同2号银河soho商场,116.433229,39.921575,北京市,北京市,东城区,30,0,抗寒：重度商务刚需,60
147,奈雪的茶(北京国雅大厦PRO店),餐饮服务;冷饮店;冷饮店,雅宝路1号国雅大厦一层1003号商铺奈雪的茶,116.440705,39.916013,北京市,北京市,朝阳区,7,12,脆弱：极度依赖天气,-46
148,煮叶(悠唐购物中心店),餐饮服务;冷饮店;冷饮店|餐饮服务;中餐厅;中餐厅,三丰北里2号楼悠唐购物中心F2层F2-26,116.438173,39.921754,北京市,北京市,朝阳区,34,1,抗寒：重度商务刚需,63
149,长春堂顺时而饮(天坛南门店),餐饮服务;餐饮相关场所;餐饮相关,永定门东街东里东区西门旁,116.41356,39.873473,北京市,北京市,东城区,0,5,中庸：混合社区,-25
150,luckin coffee 瑞幸咖啡(富力·摩根中心店),餐饮服务;咖啡厅;咖啡厅,北京城区太平街6富力·摩根中心F1层,116.387638,39.881468,北京市,北京市,西城区,6,1,中庸：混合社区,7
151,淡马茶坊(北京大吉巷店),餐饮服务;冷饮店;冷饮店,骡马市大街20号院B1层B158,116.376062,39.888537,北京市,北京市,西城区,4,1,中庸：混合社区,3
152,沪上阿姨·精选茶饮(北京西西友谊商城店),餐饮服务;休闲餐饮场所;休闲餐饮场所,北京城区西单北大街109号三层AF3-08,116.372932,39.914063,北京市,北京市,西城区,9,0,中庸：混合社区,18
153,luckin coffee 瑞幸咖啡(西什库大街店),餐饮服务;咖啡厅;咖啡厅,北京城区西什库大街与西安门大街交叉口北260米,116.379952,39.924968,北京市,北京市,西城区,0,3,中庸：混合社区,-15
154,蜜雪冰城(陶然北岸·韵竹园店),餐饮服务;冷饮店;冷饮店,南横东街5-2号陶然北岸·韵竹园,116.382157,39.883471,北京市,北京市,西城区,2,0,中庸：混合社区,4
155,CoCo都可(丰联广场店),餐饮服务;冷饮店;冷饮店,朝阳门外大街18号丰联商场B1层B103号商铺,116.438466,39.923536,北京市,北京市,朝阳区,0,1,中庸：混合社区,-5
156,BONJOUR本就(北 京西单大悦城店),餐饮服务;冷饮店;冷饮店,西单北大街131号6F-10号,116.372938,39.910921,北京市,北京市,西城区,18,3,中庸：混合社区,21
157,蜜雪冰城(西单商业街店),餐饮服务;餐饮相关场所;餐饮相关,大木仓胡同129号,116.37275,39.911657,北京市,北京市,西城区,18,3,中庸：混合社区,21
158,树夏(朝阳悠唐店),餐饮服务;冷饮店;冷饮店,三丰北里2号楼悠唐购物中心B1层,116.439927,39.92176,北京市,北京市,朝阳区,23,1,抗寒：重度商务刚需,41
159,CHAGEE霸王茶姬(北京悠唐购物中心店),餐饮服务;冷饮店;冷饮店,朝阳门外大街三丰北里2号楼,116.438773,39.92183,北京市,北京市,朝阳区,26,0,抗寒：重度商务刚需,52
160,KOI Thé(北京悠唐购物中心店),餐饮服务;冷饮店;冷饮店,悠唐购物中心1期,116.440059,39.921902,北京市,北京市,朝阳区,23,1,抗寒：重度商务刚需,41
161,兰熊鲜奶(中海大吉巷店),餐饮服务;餐饮相关场所;餐饮相关,骡马市大街20号1区8栋b1(麦当劳),116.375967,39.888509,北京市,北京市,西城区,4,1,中庸：混合社区,3
162,CHAGEE霸王茶姬(北京汇京双子座大厦店),餐饮服务;冷饮店;冷饮店|购物服务;专卖店;专营店,建国门外大街乙12号双子座购物中心F1层,116.448952,39.907638,北京市,北京市,朝阳区,29,0,抗寒：重度商务刚需,58
163,东发道茶冰厅(悠唐购物中心1期店),餐饮服务;中餐厅;四川菜(川菜)|餐饮服务;冷饮店;冷饮店,北京城区三丰北里2号楼(外交部东南角)悠唐生活广场4层,116.439757,39.921835,北京市,北京市,朝阳区,23,0,抗寒：重度商务刚需,46
164,喜茶(北京南锣鼓巷店),餐饮服务;冷饮店;冷饮店,南锣鼓巷76号(南锣鼓巷地铁站E西北口步行330米),116.403235,39.936709,北京市,北京市,东城区,1,2,中庸：混合社区,-8
165,茉莉奶白(悠唐购物中心店),餐饮服务;冷饮店;冷饮店,三丰路2号悠唐购物中心B1层,116.440015,39.921935,北京市,北京市,朝阳区,0,1,中庸：混合社区,-5
166,Yes Lemon就是柠·手打柠檬茶(北京西单大悦城店),餐饮服务;冷饮店;冷饮店,北京城区西单北大街131号西单大悦城F7,116.372908,39.911099,北京市,北京市,西城区,18,3,中庸：混合社区,21
167,luckin coffee 瑞幸咖啡(陶然北岸·韵竹园店),餐饮服务;咖啡厅;咖啡厅,北京城区南横东街5-2号陶然北岸·韵竹园,116.384579,39.883646,北京市,北京市,西城区,4,0,中庸：混合社区,8
168,1点点(陶然亭物美超市店),餐饮服务;餐饮相关场所;餐饮相关,太平街6号A003,116.387836,39.880212,北京市,北京市,西城区,5,2,中庸：混合社区,0
169,长春堂顺时而饮(荷花市场店),餐饮服务;休闲餐饮场所;休闲餐饮场所,北京城区地安门西大街51号13幢,116.391784,39.934077,北京市,北京市,西城区,0,9,脆弱：极度依赖天气,-45
170,喜茶(北京君太百货店),餐饮服务;冷饮店;冷饮店,西单北大街133号北京君太百货2层A-10号(星巴克对面),116.373049,39.909941,北京市,北京市,西城区,23,0,抗寒：重度商务刚需,46
171,茶百道(北京朝阳日坛店),餐饮服务;冷饮店;冷饮店,北京城区雅宝路1号国雅大厦负B1层B039,116.440304,39.916174,北京市,北京市,朝阳区,8,12,脆弱：极度依赖天气,-44
172,李茶的茶(THE BOX一盒朝外年轻力中心店),餐饮服务;餐饮相关场所;餐饮相关,朝外大街12号THE BOX 朝外|年轻力中心F1层,116.444969,39.922584,北京市,北京市,朝阳区,0,0,中庸：混合社区,0
173,瑞幸咖啡(环球财讯中心店),餐饮服务;咖啡厅;咖啡厅,宣武门外大街甲1号一层103内01号,116.373275,39.898275,北京市,北京市,西城区,25,0,抗寒：重度商务刚需,50
174,LINLEE·手打柠檬茶(朝阳悠唐购物中心店),餐饮服务;冷饮店;冷饮店,朝外街道悠唐购物中心B1层电梯旁(川成元麻辣香锅隔壁),116.439473,39.921954,北京市,北京市,朝阳区,22,1,抗寒：重度商务刚需,39
175,蜜雪冰城(朝阳门外大街辅路店),餐饮服务;冷饮店;冷饮店,朝阳门外大街19号华普国际大厦F1层,116.438491,39.924725,北京市,北京市,朝阳区,23,1,抗寒：重度商务刚需,41
176,顺时而饮(悠唐购物中心店),餐饮服务;冷饮店;冷饮店|餐饮服务;中餐厅;中餐厅,三丰北里5号楼悠唐购物中心4层,116.438364,39.921605,北京市,北京市,朝阳区,30,1,抗寒：重度商务刚需,55
177,K22酸奶草莓(悠唐购物中心1期店),餐饮服务;冷饮店;冷饮店,三丰路2号悠唐购物中心B1层,116.439522,39.921767,北京市,北京市,朝阳区,22,0,抗寒：重度商务刚需,44
178,茶话弄(北京地安门外大街店),餐饮服务;冷饮店;冷饮店,地安门外大街31号新地佰B1层-20(什刹海地铁站A1西北口旁),116.395251,39.937848,北京市,北京市,西城区,0,5,中庸：混合社区,-25
179,奈雪的茶(北京新地佰店),餐饮服务;冷饮店;冷饮店,地安门外大街31号新地佰商场一层奈雪的茶,116.395477,39.937951,北京市,北京市,西城区,0,5,中庸：混合社区,-25
180,茉酸奶(西单大悦城店),餐饮服务;冷饮店;冷饮店,西单大悦城5层(中国移动营业厅门口),116.372799,39.911223,北京市,北京市,西城区,18,3,中庸：混合社区,21
181,沪上阿姨·精选茶饮(北京宣武门富卓商厦店)(暂停营业),餐饮服务;冷饮店;冷饮店,北京城区宣武门外大街32号1幢501,116.375175,39.893475,北京市,北京市,西城区,16,1,中庸：混合社区,27
182,luckin coffee 瑞幸咖啡(复兴门内大街45号院店),餐饮服务;咖啡厅;咖啡厅,金融街街道复兴门内大街45-10号,116.370975,39.908725,北京市,北京市,西城区,0,4,中庸：混合社区,-20
183,兰熊鲜奶(悠唐购物中心店),餐饮服务;冷饮店;冷饮店,三丰路2号悠唐购物中心B1层,116.439472,39.921874,北京市,北京市,朝阳区,22,1,抗寒：重度商务刚需,39
184,瑞幸咖啡,餐饮服务;咖啡厅;咖啡厅,北京城区张自忠路10号华人一品大厦F1层,116.410399,39.933114,北京市,北京市,东城区,4,0,中庸：混合社区,8
185,CHAGEE霸王茶姬(后海店),餐饮服务;休闲餐饮场所;休闲餐饮场所,北京城区银锭桥16号(什刹海地铁站A2西北口步行330米),116.393798,39.938463,北京市,北京市,西城区,0,6,脆弱：极度依赖天气,-30
186,瑞幸咖啡,餐饮服务;咖啡厅;咖啡厅,北京城区朝阳门外大街22号泛利大厦B1层,116.439935,39.922817,北京市,北京市,朝阳区,22,1,抗寒：重度商务刚需,39
187,瑞幸咖啡(国雅大厦店),餐饮服务;咖啡厅;咖啡厅,北京城区雅宝路1号国雅大厦,116.440707,39.915966,北京市,北京市,朝阳区,7,12,脆弱：极度依赖天气,-46
188,高大泡·新中式养生茶饮,餐饮服务;餐饮相关场所;餐饮相关,北京城区地安门东大街141号,116.39693,39.93369,北京市,北京市,东城区,0,4,中庸：混合社区,-20
189,瑞幸咖啡,餐饮服务;休闲餐饮场所;休闲餐饮场所,北京城区夕照寺中街4号epark夕照寺社区F1层,116.441826,39.889178,北京市,北京市,东城区,0,1,中庸：混合社区,-5
190,茶百道(北京西城地安门店),餐饮服务;冷饮店;冷饮店,北京城区地安门外大街31号新地佰B1-18号铺位,116.395555,39.937687,北京市,北京市,西城区,0,5,中庸：混合社区,-25
191,茉莉奶白(北京鼓楼店),餐饮服务;休闲餐饮场所;休闲餐饮场所,地安门外大街与鼓楼东大街交叉口东南60米,116.396175,39.939575,北京市,北京市,西城区,0,4,中庸：混合社区,-20
192,澄茶(陶然亭公园店),餐饮服务;餐饮相关场所;餐饮相关,太平街陶然亭公园东门南50米,116.387328,39.875596,北京市,北京市,西城区,3,13,脆弱：极度依赖天气,-59
193,荷田水铺(北京THE BOX店),生活服务;生活服务场所;生活服务场所,朝外大街12号THE BOX一盒朝外年轻力中心F3层,116.445,39.922742,北京市,北京市,朝阳区,0,0,中庸：混合社区,0
194,CHAGEE霸王茶姬(北京北锣鼓巷店),餐饮服务;冷饮店;冷饮店,鼓楼东大街125号,116.402796,39.94097,北京市,北京市,东城区,1,0,中庸：混合社区,2
195,LINLEE·手打柠檬茶(西城区金融街店),餐饮服务;冷饮店;冷饮店,北京城区西单北大街106号,116.373954,39.914931,北京市,北京市,西城区,7,0,中庸：混合社区,14
196,茶太良品(南锣鼓巷店),餐饮服务;餐饮相关场所;餐饮相关,帽儿胡同5号四合院南门东50米,116.40308,39.936493,北京市,北京市,东城区,0,3,中庸：混合社区,-15
197,喜茶(北京鼓楼店),餐饮服务;冷饮店;冷饮店,鼓楼东大街206号鼓楼园,116.399137,39.940479,北京市,北京市,东城区,0,3,中庸：混合社区,-15
198,星巴克(王府井喜悦店),餐饮服务;咖啡厅;星巴克咖啡,王府井大街301号王府井喜悦购物中心B2层MB235,116.410324,39.909953,北京市,北京市,东城区,20,0,中庸：混合社区,40
199,星巴克(东方广场三店),餐饮服务;咖啡厅;星巴克咖啡,东长安街1号东方广场写字楼W1座一层P-W1(08-10)号店铺,116.412931,39.909328,北京市,北京市,东城区,23,0,抗寒：重度商务刚需,46
200,fu3福叁咖啡(西兴隆街店),餐饮服务;咖啡厅;咖啡厅,西兴隆街130号,116.406753,39.897286,北京市,北京市,东城区,0,2,中庸：混合社区,-10
201,METAL HANDS(前门店),体育休闲服务;娱乐场所;酒吧|餐饮服务;餐饮相关场所;餐饮相关,北京城区西打磨厂街228号(前门地铁站G东南口步行160米),116.401396,39.898567,北京市,北京市,东城区,5,4,中庸：混合社区,-10
202,Z03咖啡(前门小院店),餐饮服务;咖啡厅;咖啡厅,北京城区西打磨厂街210号(前门地铁站G东南口步行320米),116.403219,39.898921,北京市,北京市,东城区,2,3,中庸：混合社区,-11
203,為水(前门大街店),餐饮服务;咖啡厅;咖啡厅,西兴隆街85号,116.407434,39.897506,北京市,北京市,东城区,6,2,中庸：混合社区,2
204,星巴克(新活馆店),餐饮服务;咖啡厅;星巴克咖啡,东打磨厂7号崇文门新世界女子百货1层,116.413482,39.899577,北京市,北京市,东城区,16,0,中庸：混合社区,32
205,北京饭店阳光咖啡厅,餐饮服务;咖啡厅;咖啡厅,东长安街33号北京饭店A座1楼(近王府井大街),116.410454,39.909045,北京市,北京市,东城区,17,0,中庸：混合社区,34
206,星巴克(北京东方广场西区店),餐饮服务;咖啡厅;星巴克咖啡,北京城区东长安街1号东方广场东方新天地商场地下一层,116.414503,39.909537,北京市,北京市,东城区,22,0,抗寒：重度商务刚需,44
207,luckin coffee 瑞幸咖啡(东方新天地店),餐饮服务;咖啡厅;咖啡厅,东长安街1号北京东方新天地LG层,116.413125,39.909105,北京市,北京市,东城区,22,0,抗寒：重度商务刚需,44
208,库迪咖啡(北京医院店),餐饮服务;咖啡厅;咖啡厅,东单大华路1号北京医院门诊楼B1层(门诊楼餐厅内),116.415409,39.904389,北京市,北京市,东城区,5,1,中庸：混合社区,5
209,Voyage Coffee(三里河公园店),餐饮服务;咖啡厅;咖啡厅,长巷五条19号,116.404025,39.895125,北京市,北京市,东城区,2,2,中庸：混合社区,-6
210,星巴克臻选(北京前门大街店),餐饮服务;咖啡厅;星巴克咖啡,前门大街1-1号(前门地铁站I西南口步行70米),116.397798,39.898236,北京市,北京市,东城区,0,4,中庸：混合社区,-20
211,大小咖啡BigSmallCoffee(前门店),餐饮服务;餐饮相关场所;餐饮相关,西兴隆街60号,116.408813,39.897187,北京市,北京市,东城区,12,2,中庸：混合社区,14
212,前田珈琲·清吧(东方新天地店),餐饮服务;咖啡厅;咖啡厅,东长安街1号北京东方新天地商城平台层P-E101-02,116.415557,39.909276,北京市,北京市,东城区,23,0,抗寒：重度商务刚需,46
213,% Arabica阿拉比卡咖啡(王府中環店),餐饮服务;咖啡厅;咖啡厅,北京城区王府井大街269号王府中环东座3层301a号,116.410291,39.912339,北京市,北京市,东城区,30,2,抗寒：重度商务刚需,50
214,星巴克(北京市百货大楼店),餐饮服务;咖啡厅;星巴克咖啡,王府井大街253号王府井百货大楼首层,116.409707,39.914068,北京市,北京市,东城区,23,2,抗寒：重度商务刚需,36
215,青雲熹玥coffee&Bar,购物服务;购物相关场所;购物相关场所,青云胡同23号,116.404384,39.895538,北京市,北京市,东城区,1,2,中庸：混合社区,-8
216,要潮人民咖啡馆(前门店),餐饮服务;咖啡厅;咖啡厅,前门大街81号(前门地铁站I西南口步行180米),116.398079,39.895215,北京市,北京市,东城区,3,3,中庸：混合社区,-9
217,Tims天好咖啡(东方广场店),餐饮服务;咖啡厅;咖啡厅,东长安街1号东方新天地商场首层AA50B-2号店铺,116.416117,39.909279,北京市,北京市,东城区,0,0,中庸：混合社区,0
218,Grid Coffee(北京王府中環店),餐饮服务;咖啡厅;咖啡厅,北京城区王府中环中心B1层-122号商铺,116.409203,39.912462,北京市,北京市,东城区,26,2,抗寒：重度商务刚需,42
219,LAVAZZA拉瓦萨咖啡(北京东方新天地店),餐饮服务;咖啡厅;咖啡厅,东长安街1号北京东方新天地UG层A502,116.416521,39.90901,北京市,北京市,东城区,22,1,抗寒：重度商务刚需,39
220,星巴克(王府中环店),餐饮服务;咖啡厅;星巴克咖啡,北京城区王府井大街269号院1号楼王府中环B1层-102号商铺,116.410614,39.912605,北京市,北京市,东城区,0,1,中庸：混合社区,-5
221,COSTA COFFEE(东方新天地店),餐饮服务;咖啡厅;咖啡厅,东华门街道王府井大街东方新天地一层五区A501,116.416395,39.9091,北京市,北京市,东城区,22,1,抗寒：重度商务刚需,39
222,Peet's Coffee皮爷咖啡(东方新天地店),餐饮服务;咖啡厅;咖啡厅,北京城区东长安街东方新天地UG层首层第五街皮爷咖啡,116.416613,39.909763,北京市,北京市,东城区,21,0,抗寒：重度商务刚需,42
223,Grid Coffee(北京东方新天地店),餐饮服务;咖啡厅;咖啡厅,北京城区东长安街1号北京东方广场东方新天地商场首层A508号商铺,116.416379,39.909208,北京市,北京市,东城区,22,1,抗寒：重度商务刚需,39
224,瑞幸咖啡(东方新天地店),餐饮服务;咖啡厅;咖啡厅,东长安街1号东方新天地1层南1门A503,116.416296,39.909184,北京市,北京市,东城区,21,0,抗寒：重度商务刚需,42
225,TOWN HOUSE 北欧咖啡(西总布店),餐饮服务;咖啡厅;咖啡厅,北京城区西总布胡同86号,116.418775,39.912052,北京市,北京市,东城区,12,0,中庸：混合社区,24
226,M Stand(东方新天地店),餐饮服务;咖啡厅;咖啡厅,东长安街1号北京东方新天地UG层,116.41631,39.908981,北京市,北京市,东城区,23,1,抗寒：重度商务刚需,41
227,川珈琲,餐饮服务;餐饮相关场所;餐饮相关,兴隆都市馨园八号楼底商A101,116.415125,39.895625,北京市,北京市,东城区,0,0,中庸：混合社区,0
228,星巴克(北京大栅栏店),餐饮服务;咖啡厅;星巴克咖啡,北京城区弓字胡同10号(北京坊W9楼对面),116.394282,39.897606,北京市,北京市,西城区,2,0,中庸：混合社区,4
229,STARBUCKS COFFEE(崇文门新世界百货1期店),餐饮服务;咖啡厅;星巴克咖啡|购物服务;购物相关场所;购物相关场所,北京城区崇文门外大街3号新世界商场一期首层,116.418084,39.898363,北京市,北京市,东城区,21,3,抗寒：重度商务刚需,27
230,Peet's Coffee皮爷咖啡(澳门中心店),餐饮服务;咖啡厅;咖啡厅,北京城区王府井东街8号澳门中心商场地上第一层L102号铺,116.413327,39.914866,北京市,北京市,东城区,0,0,中庸：混合社区,0
231,Manner Coffee(东方新天地店),餐饮服务;咖啡厅;咖啡厅,东长安街1号北京东方新天地UG层A506,116.416565,39.909107,北京市,北京市,东城区,22,1,抗寒：重度商务刚需,39
232,Tims天好咖啡(合景泰富摩方店),餐饮服务;咖啡厅;咖啡厅,崇文门外大街1号一层L103/04,116.417279,39.899542,北京市,北京市,东城区,21,3,抗寒：重度商务刚需,27
233,星巴克(银泰in88购物中心店),餐饮服务;咖啡厅;星巴克咖啡,王府井大街88号北京王府井银泰in88购物中心1F层,116.412303,39.915811,北京市,北京市,东城区,29,2,抗寒：重度商务刚需,48
234,星巴克(东安市场店),餐饮服务;咖啡厅;星巴克咖啡,王府井大街138号新东安广场地下一层B111-B112号店铺,116.412138,39.914571,北京市,北京市,东城区,25,1,抗寒：重度商务刚需,45
235,瑞幸咖啡(apm店),餐饮服务;咖啡厅;咖啡厅,王府井大街138号新东安广场四层L426B号店铺,116.411815,39.913863,北京市,北京市,东城区,26,0,抗寒：重度商务刚需,52
236,星巴克(国瑞购物中心店),餐饮服务;咖啡厅;星巴克咖啡,崇文门外大街18号国瑞购物中心地下二层,116.419383,39.897942,北京市,北京市,东城区,21,3,抗寒：重度商务刚需,27
237,% Arabica阿拉比卡咖啡(北京APM店),餐饮服务;咖啡厅;咖啡厅,王府井大街138号北京apm1层(金鱼胡同地铁站出入口旁),116.411546,39.914542,北京市,北京市,东城区,0,1,中庸：混合社区,-5
238,星巴克(北京新闻大厦店),餐饮服务;咖啡厅;星巴克咖啡,建内大街19号新闻大厦1层(东单地铁站C东南口步行200米),116.421919,39.907462,北京市,北京市,东城区,9,1,中庸：混合社区,13
239,瑞幸咖啡(崇文新世界二期店),餐饮服务;咖啡厅;咖啡厅,崇文门外大街3号崇文新世界百货一期南门一层,116.417406,39.897606,北京市,北京市,东城区,30,2,抗寒：重度商务刚需,50
240,糖房咖啡(故宫店),餐饮服务;咖啡厅;咖啡厅,南河沿5号(友方宾馆)(金鱼胡同地铁站C西南口步行410米),116.406378,39.914266,北京市,北京市,东城区,18,2,中庸：混合社区,26
241,Cafe Notion,餐饮服务;咖啡厅;咖啡厅,北京城区南火扇胡同2号,116.393354,39.896928,北京市,北京市,西城区,2,4,中庸：混合社区,-16
242,大内宫保·茶咖夜饮,餐饮服务;餐饮相关场所;餐饮相关,北京城区前门大街大栅栏街34号内联升鞋店2层,116.395378,39.8957,北京市,北京市,西城区,3,0,中庸：混合社区,6
243,VOYAGE COFFEE(杨梅竹店),餐饮服务;咖啡厅;咖啡厅,杨梅竹斜街22号,116.393267,39.895849,北京市,北京市,西城区,2,3,中庸：混合社区,-11
244,M Stand(崇文门新世界百货2期店),餐饮服务;咖啡厅;咖啡厅,崇文门外大街5号新世界百货2期L1层,116.417857,39.896627,北京市,北京市,东城区,0,0,中庸：混合社区,0
245,瑞幸咖啡(王府井银泰in88店),餐饮服务;咖啡厅;咖啡厅,王府井大街88号1幢负一层B106号,116.411849,39.916035,北京市,北京市,东城区,29,2,抗寒：重度商务刚需,48
246,斜街 8号coffee & books,餐饮服务;咖啡厅;咖啡厅,北京城区杨梅竹斜街8号(铃木食堂隔壁),116.393784,39.896066,北京市,北京市,西城区,3,0,中庸：混合社区,6
247,清华池咖啡(北京市百货大楼店),餐饮服务;咖啡厅;咖啡厅,百货大楼B2层(金鱼胡同地铁站C西南口步行260米),116.409995,39.913951,北京市,北京市,东城区,23,2,抗寒：重度商务刚需,36
248,BERRY BEANS(前门店),餐饮服务;咖啡厅;咖啡厅,北京城区朱家胡同7号,116.392427,39.894396,北京市,北京市,西城区,1,1,中庸：混合社区,-3
249,星巴克(北京东方广场4店),餐饮服务;咖啡厅;星巴克咖啡,东华门街道东单三条8-16号(平台层东侧汇贤豪庭公寓一层),116.41594,39.909714,北京市,北京市,东城区,22,0,抗寒：重度商务刚需,44
250,Manner Coffee(北京apm店),餐饮服务;咖啡厅;咖啡厅,王府井大街138号新东安广场B2,116.412058,39.91513,北京市,北京市,东城区,0,1,中庸：混合社区,-5
251,瑞幸咖啡(前门大街店),餐饮服务;咖啡厅;咖啡厅,前门大街108号底商(珠市口地铁站A西北口步行200米),116.398421,39.892733,北京市,北京市,东城区,2,1,中庸：混合社区,-1
252,Grid Coffee(北京前门大街店),餐饮服务;咖啡厅;咖啡厅,北京城区前门大街主街94号,116.398303,39.893379,北京市,北京市,东城区,2,1,中庸：混合社区,-1
253,星巴克(哈德门广场店),餐饮服务;咖啡厅;星巴克咖啡,崇文门外大街8号哈德门1号楼F1-05,116.419954,39.899499,北京市,北京市,东城区,17,0,中庸：混合社区,34
254,Grid Coffee(北京王府井银泰店),餐饮服务;咖啡厅;咖啡厅,北京城区王府井大街88号1幢地上一层L123号铺位Grid Coffee,116.41188,39.916256,北京市,北京市,东城区,28,2,抗寒：重度商务刚需,46
255,肯悦咖啡前门店,餐饮服务;餐饮相关场所;餐饮相关,前门西大街正阳市场1号楼中部,116.39527,39.899578,北京市,北京市,西城区,2,4,中庸：混合社区,-16
256,Manner Coffee(合景摩方购物中心店),餐饮服务;咖啡厅;咖啡厅,崇文门外街道崇文门外大街1号北京合景·摩方购物中心B1层ZD-B1-01号,116.417651,39.899733,北京市,北京市,东城区,21,3,抗寒：重度商务刚需,27
257,星巴克(民生金融中心店),餐饮服务;咖啡厅;星巴克咖啡,建国门内大街28号民生金融中心C座1层C08-A单元,116.419973,39.907192,北京市,北京市,东城区,16,2,中庸：混合社区,22
258,M Stand(北京apm店),餐饮服务;咖啡厅;咖啡厅,王府井大街138号新东安广场地下二层B2-201B店铺,116.411916,39.915177,北京市,北京市,东城区,30,2,抗寒：重度商务刚需,50
259,星巴克(金宝大厦店),餐饮服务;咖啡厅;星巴克咖啡,北京城区金宝街89号金宝大厦1层4室近金宝汇购物中心,116.419594,39.916214,北京市,北京市,东城区,8,0,中庸：混合社区,16
260,STARBUCKS RESERVE(北京坊店),餐饮服务;咖啡厅;星巴克咖啡,廊房头条21号院北京坊W1(前门地铁站I西南口步行220米),116.396899,39.897945,北京市,北京市,西城区,3,4,中庸：混合社区,-14
261,那伽树无障碍咖啡披萨集合店,餐饮服务;咖啡厅;咖啡厅,三井胡同21号,116.391062,39.897695,北京市,北京市,西城区,2,1,中庸：混合社区,-1
262,一介野生COFFEE,餐饮服务;咖啡厅;咖啡厅,杨梅竹斜街77号,116.391688,39.895578,北京市,北京市,西城区,2,1,中庸：混合社区,-1
263,卡尔法咖啡酒吧KARFA BAR(崇文门店),体育休闲服务;娱乐场所;酒吧|餐饮服务;咖啡厅;咖啡厅,崇文门外大街新成文化大A座203号,116.418325,39.894624,北京市,北京市,东城区,24,0,抗寒：重度商务刚需,48
264,Cafe&Meal MUJI(北京坊西区店),餐饮服务;快餐厅;快餐厅,煤市街廊房头条21号院北京坊西区二号楼一层,116.395486,39.898582,北京市,北京市,西城区,2,4,中庸：混合社区,-16
265,星巴克(北京中粮广场店),餐饮服务;咖啡厅;星巴克咖啡,建国门内大街8号中粮广场C座一层,116.429496,39.906941,北京市,北京市,东城区,26,1,抗寒：重度商务刚需,47
266,库迪咖啡(哈德门广场店),餐饮服务;咖啡厅;咖啡厅,崇文门外大街8号哈德门广场西塔B1层09号,116.419613,39.899638,北京市,北京市,东城区,17,3,中庸：混合社区,19
267,瑞幸咖啡(哈德门广场G层店),餐饮服务;咖啡厅;咖啡厅,崇文门外大街8号哈德门广场负一层G-ZD5号,116.419952,39.899711,北京市,北京市,东城区,16,3,中庸：混合社区,17
268,撞咖·咖啡(前门店),餐饮服务;咖啡厅;咖啡厅,天鼎218文化金融园,116.402843,39.891199,北京市,北京市,东城区,2,2,中庸：混合社区,-6
269,Liberté小篱笆,餐饮服务;餐饮相关场所;餐饮相关,东晓市街与东晓市二巷交叉口西南20米,116.414475,39.890579,北京市,北京市,东城区,0,2,中庸：混合社区,-10
270,Grid Coffee(前门大街店),餐饮服务;咖啡厅;咖啡厅,前门东大街94号(珠市口地铁站A西北口步行300米),116.398409,39.893447,北京市,北京市,东城区,3,1,中庸：混合社区,1
271,星巴克(金宝汇购物中心店),餐饮服务;咖啡厅;星巴克咖啡,东城区金宝街88号金宝汇一层112号商铺,116.420921,39.915305,北京市,北京市,东城区,7,0,中庸：混合社区,14
272,DARKROOM CAFE暗房咖啡,餐饮服务;咖啡厅;咖啡厅,三井胡同21号,116.391025,39.897623,北京市,北京市,西城区,2,1,中庸：混合社区,-1
273,luckin coffee 瑞幸咖啡(北京合景摩方购物中心店),餐饮服务;咖啡厅;咖啡厅,合景摩方购物中心(崇文门地铁站出入口步行120米),116.417679,39.899626,北京市,北京市,东城区,21,0,抗寒：重度商务刚需,42
274,Soloist 独奏公司(杨梅竹店),餐饮服务;咖啡厅;咖啡厅,煤市街杨梅竹斜街39号,116.39296,39.895942,北京市,北京市,西城区,2,2,中庸：混合社区,-6
275,星巴克(灯市口天客隆咖啡店),餐饮服务;咖啡厅;星巴克咖啡,北京城区沿街(灯市口地铁站A西北口步行430米),116.414275,39.918875,北京市,北京市,东城区,16,0,中庸：混合社区,32
276,库迪咖啡(王府77店),餐饮服务;咖啡厅;咖啡厅,王府井大街77号A座1层(北侧),116.410334,39.920712,北京市,北京市,东城区,0,2,中庸：混合社区,-10
277,入巷咖啡,餐饮服务;咖啡厅;咖啡厅,东晓市街7号(磁器口地铁站D西南口步行420米),116.417601,39.889813,北京市,北京市,东城区,11,1,中庸：混合社区,17
278,Manner Coffee(北京坊店),餐饮服务;咖啡厅;咖啡厅,北京坊(前门地铁站I西南口步行370米),116.39491,39.897673,北京市,北京市,西城区,3,4,中庸：混合社区,-14
279,同仁堂知嘛健康咖啡&养生BAR(北京apm店),医疗保健服务;医疗保健服务场所;医疗保健服务场所,王府井大街138号北京apm3层302-305,116.411931,39.915267,北京市,北京市,东城区,30,2,抗寒：重度商务刚需,50
280,耀咖啡(东单店),餐饮服务;咖啡厅;咖啡厅,东单北大街68号一层北侧及二层,116.418094,39.91293,北京市,北京市,东城区,12,0,中庸：混合社区,24
281,宫喜发财-咖啡文创(东华门店),餐饮服务;餐饮相关场所;餐饮相关,东华门大街70号,116.403594,39.915059,北京市,北京市,东城区,5,2,中庸：混合社区,0
282,45号狐山路咖啡,餐饮服务;咖啡厅;咖啡厅,杨梅竹斜街与青竹巷交叉口西60米,116.391351,39.895485,北京市,北京市,西城区,0,1,中庸：混合社区,-5
283,MANNERCOFFEE(崇文门新世界百货1期店),餐饮服务;咖啡厅;咖啡厅,崇文门外大街5号新世界1期L1层,116.417761,39.897378,北京市,北京市,东城区,30,2,抗寒：重度商务刚需,50
284,前叁門,餐饮服务;咖啡厅;咖啡厅,笤帚胡同20号,116.390168,39.895994,北京市,北京市,西城区,2,0,中庸：混合社区,4
285,瑞幸咖啡(国旅大厦店),餐饮服务;咖啡厅;咖啡厅,东单北大街1号国旅大厦一层大堂,116.417501,39.915124,北京市,北京市,东城区,11,0,中庸：混合社区,22
286,瑞幸咖啡(中国农业银行大厦店),餐饮服务;咖啡厅;咖啡厅,建国门内大街69号中国农业银行一层大堂,116.419891,39.909258,北京市,北京市,东城区,18,1,中庸：混合社区,31
287,角楼咖啡(暂停营业),餐饮服务;咖啡厅;咖啡厅,角楼咖啡(鲜鱼口老字号美食街店),116.398125,39.897157,北京市,北京市,东城区,3,0,中庸：混合社区,6
288,库迪咖啡(东方新天地店)(暂停营业),餐饮服务;咖啡厅;咖啡厅,东华门街道东方新天地东方广场E1座(B1层集结号美食城内),116.416338,39.909229,北京市,北京市,东城区,21,1,抗寒：重度商务刚需,37
289,BOOK CAFE美式書房咖啡,餐饮服务;咖啡厅;咖啡厅,北京城区东四南大街72号纸上声音书店二层,116.417792,39.921631,北京市,北京市,东城区,0,0,中庸：混合社区,0
290,汵奇咖啡Cenchi coffee,餐饮服务;咖啡厅;咖啡厅,东四南大街114号(灯市口地铁站A西北口步行270米),116.417858,39.919864,北京市,北京市,东城区,8,0,中庸：混合社区,16
291,国家大剧院咖啡厅,餐饮服务;咖啡厅;咖啡厅,西长安街2号国家大剧院1层(近人大会堂西路),116.389723,39.904786,北京市,北京市,西城区,0,0,中庸：混合社区,0
292,luckin coffee 瑞幸咖啡(国际艺苑大酒店店),餐饮服务;咖啡厅;咖啡厅,国际艺苑大酒店西门旁,116.411347,39.919319,北京市,北京市,东城区,17,1,中庸：混合社区,29
293,吉祥咖啡·点绛唇,餐饮服务;咖啡厅;咖啡厅,甘雨胡同与王府井大街交叉口东60米,116.411727,39.916855,北京市,北京市,东城区,28,2,抗寒：重度商务刚需,46
294,老房子1918咖啡厅,餐饮服务;咖啡厅;咖啡厅,北京城区万明路11号东方饭店(虎坊桥地铁站C东南口步行460米),116.389749,39.888624,北京市,北京市,西城区,2,1,中庸：混合社区,-1
295,Meya Coffee,餐饮服务;咖啡厅;咖啡厅,珠市口东大街甲16-36号(桥湾地铁站D西南口步行490米),116.403312,39.890775,北京市,北京市,东城区,2,0,中庸：混合社区,4
296,COSTA COFFEE(天润财富中心店),餐饮服务;咖啡厅;咖啡厅,朝阳门南小街26号院天润财富中心F1层,116.4277,39.911114,北京市,北京市,东城区,0,0,中庸：混合社区,0
297,舆观咖啡.You Viewpoint Cafe,餐饮服务;咖啡厅;咖啡厅,灯市口演乐胡同93号(灯市口地铁站A西北口步行430米),116.418645,39.920583,北京市,北京市,东城区,6,0,中庸：混合社区,12
298,CABO Coffee(北京街店),餐饮服务;咖啡厅;咖啡厅,北京街13号(天坛东门地铁站A2西北口步行490米),116.420834,39.887571,北京市,北京市,东城区,6,1,中庸：混合社区,7
299,云朵咖啡,餐饮服务;咖啡厅;咖啡厅,五四大街33号一层,116.40346,39.924227,北京市,北京市,东城区,1,4,中庸：混合社区,-18
300,瑞幸咖啡(丰泰中心店),餐饮服务;咖啡厅;咖啡厅,珠市口东大街2号丰泰中心一层,116.416098,39.89266,北京市,北京市,东城区,21,0,抗寒：重度商务刚需,42
301,Coffee Breath呼吸咖啡,餐饮服务;咖啡厅;咖啡厅,琉璃厂东街姚江胡同一号,116.386443,39.894903,北京市,北京市,西城区,2,2,中庸：混合社区,-6
302,模范咖啡,餐饮服务;餐饮相关场所;餐饮相关,杨梅竹斜街前门大街云木集2层,116.393353,39.896047,北京市,北京市,西城区,2,0,中庸：混合社区,4
303,星巴克(红桥市场店),餐饮服务;咖啡厅;星巴克咖啡,北京城区天坛东路46号迤北红桥市场一层001单元,116.420263,39.886648,北京市,北京市,东城区,0,2,中庸：混合社区,-10
304,库迪咖啡(朝阳门南小街店),餐饮服务;咖啡厅;咖啡厅,北京城区朝阳门南小街20号楼1层底商6号(便利蜂和711中间),116.427161,39.914185,北京市,北京市,东城区,9,0,中庸：混合社区,18
305,做書咖啡,餐饮服务;咖啡厅;咖啡厅,北京城区隆福寺东院1号院3层(中国书店正上方),116.415196,39.924922,北京市,北京市,东城区,11,0,中庸：混合社区,22
306,伍楼咖啡,餐饮服务;咖啡厅;咖啡厅,北京城区东四南大街15号17号雪莲亮点文创园5层顶楼,116.417317,39.922939,北京市,北京市,东城区,9,0,中庸：混合社区,18
307,福叁咖啡(美术馆店),餐饮服务;咖啡厅;咖啡厅,北京城区美术馆东街22北侧楼1层,116.411109,39.92632,北京市,北京市,东城区,9,0,中庸：混合社区,18
308,无韵诗咖啡BlankVerse(东四店),餐饮服务;咖啡厅;咖啡厅,东四南大街15号雪莲亮点文创园106号,116.417459,39.922859,北京市,北京市,东城区,9,0,中庸：混合社区,18
309,knit coffee(金宝汇购物中心店),餐饮服务;餐饮相关场所;餐饮相关,金宝街与东四南大街交叉口东南120米,116.421666,39.914933,北京市,北京市,东城区,7,0,中庸：混合社区,14
310,瑞幸咖啡(昌盛大厦店),餐饮服务;咖啡厅;咖啡厅,北京城区北新华街29号北京昌盛大厦一层107号,116.383316,39.90386,北京市,北京市,西城区,0,0,中庸：混合社区,0
311,夏至咖啡,餐饮服务;咖啡厅;咖啡厅,留学路88号(珠市口地铁站G西南口步行430米),116.3947,39.888279,北京市,北京市,西城区,0,1,中庸：混合社区,-5
312,中古蔷薇,风景名胜;风景名胜相关;旅游景点,藏家桥胡同4号(虎坊桥地铁站B东北口步行410米),116.385199,39.892374,北京市,北京市,西城区,2,3,中庸：混合社区,-11
313,璞瑄酒店大堂吧,餐饮服务;餐饮相关场所;餐饮相关,北京市王府井大街1号北京璞瑄酒店4层,116.409952,39.923454,北京市,北京市,东城区,11,0,中庸：混合社区,22
314,星巴克(雍贵中心店),餐饮服务;咖啡厅;星巴克咖啡,广渠门内大街41号1层41-01室,116.428564,39.894015,北京市,北京市,东城区,6,0,中庸：混合社区,12
315,莲COFFEE&T(北京明城墙遗址公园店),餐饮服务;咖啡厅;咖啡厅,崇文门东大街9号(明城墙遗址公园内城墙上),116.433036,39.90163,北京市,北京市,东城区,11,2,中庸：混合社区,12
316,无韵诗咖啡(北京音乐厅店),餐饮服务;咖啡厅;咖啡厅,北新华街14号,116.382937,39.905996,北京市,北京市,西城区,1,0,中庸：混合社区,2
317,瑞幸咖啡(中粮广场B座店),餐饮服务;餐饮相关场所;餐饮相关,建国门内大街8号中粮广场B座F1层,116.430309,39.906667,北京市,北京市,东城区,0,0,中庸：混合社区,0
318,安澜自在咖啡ANLAN Coffee,餐饮服务;咖啡厅;咖啡厅,小沙土园胡同与大安澜营胡同交叉口西南20米,116.385697,39.894055,北京市,北京市,西城区,2,3,中庸：混合社区,-11
319,瑞幸咖啡(华丽大厦店),餐饮服务;咖啡厅;咖啡厅,王府井金宝街58号一层103A,116.425272,39.915195,北京市,北京市,东城区,8,0,中庸：混合社区,16
320,O.M.G.Coffee(北京街店),餐饮服务;咖啡厅;咖啡厅,法华寺街91号北京街47号,116.421437,39.88806,北京市,北京市,东城区,6,1,中庸：混合社区,7
321,库迪咖啡(北京天雅珠宝城店),餐饮服务;咖啡厅;咖啡厅,法华寺街136号天雅珠宝城1层A西-08(珠宝城西门),116.421267,39.886758,北京市,北京市,东城区,0,0,中庸：混合社区,0
322,福禄米行,餐饮服务;咖啡厅;咖啡厅|购物服务;购物相关场所;购物相关场所,朝内南小街禄米仓胡同71-2号,116.429019,39.917182,北京市,北京市,东城区,17,0,中庸：混合社区,34
323,福嗝er Cafe&Brewpub(东四店),餐饮服务;咖啡厅;咖啡厅,北京城区东四北大街495号(停车在盈地大厦附近路边),116.417283,39.926003,北京市,北京市,东城区,11,0,中庸：混合社区,22
324,Da Cafe打杯咖啡(天桥店),餐饮服务;咖啡厅;咖啡厅,华仁路5号楼底商,116.393076,39.887687,北京市,北京市,西城区,0,1,中庸：混合社区,-5
325,库迪咖啡(盈城中心C座店),餐饮服务;咖啡厅;咖啡厅,北京站东街8号盈城中心C座大堂,116.431397,39.904327,北京市,北京市,东城区,17,0,中庸：混合社区,34
326,瑞幸咖啡(通正国际大厦店),餐饮服务;咖啡厅;咖啡厅,广渠门内大街80号通正国际大厦一层,116.428721,39.892909,北京市,北京市,东城区,11,0,中庸：混合社区,22
327,日进咖啡(北京故宫店),餐饮服务;咖啡厅;咖啡厅,北京城区沙滩后街22号1幢一层101,116.401785,39.92533,北京市,北京市,东城区,2,8,脆弱：极度依赖天气,-36
328,库迪咖啡(北京天桥艺术大厦店),餐饮服务;餐饮相关场所;餐饮相关,天桥南大街1号天桥艺术大厦B座,116.398018,39.885702,北京市,北京市,西城区,0,1,中庸：混合社区,-5
329,1402 cafe(美术馆店),餐饮服务;咖啡厅;咖啡厅,隆福寺街95号北京隆福寺街区L1层,116.411162,39.925305,北京市,北京市,东城区,10,1,中庸：混合社区,15
330,星巴克(北京隆福寺店),餐饮服务;咖啡厅;咖啡厅,隆福寺街47号(东四地铁站E西北口步行60米),116.415266,39.925195,北京市,北京市,东城区,10,0,中庸：混合社区,20
331,隆福1402,餐饮服务;餐饮相关场所;餐饮相关,隆福寺街23号(东四地铁站B东北口步行210米),116.416289,39.925297,北京市,北京市,东城区,0,0,中庸：混合社区,0
332,角楼咖啡厅(暂停营业),餐饮服务;咖啡厅;咖啡厅,景山前街4号故宫博物院内神武门外西侧,116.396188,39.922434,北京市,北京市,东城区,0,0,中庸：混合社区,0
333,CHOOCHOO COFFEE,餐饮服务;咖啡厅;咖啡厅,大栅栏街道韩家胡同78号,116.385505,39.891505,北京市,北京市,西城区,2,3,中庸：混合社区,-11
334,UPLIFT Café & Taproom,餐饮服务;咖啡厅;咖啡厅,北京城区东四北大街496号1幢101,116.417583,39.925765,北京市,北京市,东城区,11,0,中庸：混合社区,22
335,JiOJiOCoffee(东花市店),餐饮服务;咖啡厅;咖啡厅,北京城区东花市大街东花市南里东区3号楼1层B05,116.435734,39.896916,北京市,北京市,东城区,0,0,中庸：混合社区,0
336,NAMOC COFFEE,餐饮服务;餐饮相关场所;餐饮相关,五四大街1号(中国美术馆院内东侧),116.409249,39.925073,北京市,北京市,东城区,10,1,中庸：混合社区,15
337,天坛福饮咖啡店,餐饮服务;冷饮店;冷饮店|餐饮服务;咖啡厅;咖啡厅,天坛公园东门(天坛东门地铁站A2西北口步行340米),116.417264,39.883634,北京市,北京市,东城区,0,3,中庸：混合社区,-15
338,Dark Hill精品咖啡豆子店,餐饮服务;咖啡厅;咖啡厅|购物服务;购物相关场所;购物相关场所,北京城区隆福寺街15号地铁5号线A口出又一福烤鸭隔壁黑色铁栅栏门,116.416815,39.925339,北京市,北京市,东城区,11,0,中庸：混合社区,22
339,luckin coffee 瑞幸咖啡(隆福广场店),餐饮服务;咖啡厅;咖啡厅,隆福广场D座(东四地铁站E西北口步行110米),116.414476,39.924825,北京市,北京市,东城区,11,0,中庸：混合社区,22
340,星巴克(荷华明城大厦店),餐饮服务;咖啡厅;星巴克咖啡,北京城区建国门街道北京万豪中心荷华明城大厦A座一层,116.43366,39.904886,北京市,北京市,东城区,13,1,中庸：混合社区,21
341,MER COFFEE,餐饮服务;咖啡厅;咖啡厅,东四四条82-3号(东四地铁站B东北口步行370米),116.418214,39.927237,北京市,北京市,东城区,13,0,中庸：混合社区,26
342,ABSOLUT BAR,餐饮服务;咖啡厅;咖啡厅,北京城区隆福寺街95号隆福大厦E座1层7号,116.414238,39.926328,北京市,北京市,东城区,0,0,中庸：混合社区,0
343,瑞幸咖啡(荷华明城大厦店),餐饮服务;咖啡厅;咖啡厅,东城区建国门南大街7号荷华明城大厦一层,116.434575,39.904725,北京市,北京市,东城区,16,1,中庸：混合社区,27
344,禄遇LUYU,餐饮服务;中餐厅;中餐厅,禄米仓胡同37号,116.431995,39.917169,北京市,北京市,东城区,25,0,抗寒：重度商务刚需,50
345,点绛唇(戏曲博物馆店),购物服务;个人用品/化妆品店;其它个人用品店|餐饮服务;茶艺馆;茶艺馆,虎坊路与珠市口西大街辅路交叉口西南60米,116.3841,39.888947,北京市,北京市,西城区,3,2,中庸：混合社区,-4
346,INNER CAFE(隆福寺店),餐饮服务;咖啡厅;咖啡厅,隆福寺街95号北京隆福寺街区L1层,116.413726,39.925534,北京市,北京市,东城区,11,0,中庸：混合社区,22
347,% Arabica阿拉比卡咖啡(钱粮胡同店),餐饮服务;咖啡厅;咖啡厅,北京城区隆福寺街95号(东四地铁站E西北口步行280米),116.413681,39.926784,北京市,北京市,东城区,8,0,中庸：混合社区,16
348,灯堂咖啡(天桥店),餐饮服务;咖啡厅;咖啡厅,新农街13号(天桥地铁站A西北口步行270米),116.397044,39.882386,北京市,北京市,西城区,0,2,中庸：混合社区,-10
349,Greet caffee&Bar打招呼的人,餐饮服务;咖啡厅;咖啡厅,朝阳门内大街195号,116.423509,39.924734,北京市,北京市,东城区,0,0,中庸：混合社区,0
350,库迪咖啡(北京隆福寺店),餐饮服务;咖啡厅;咖啡厅,隆福寺街95号北京隆福寺东院B1层,116.416758,39.924933,北京市,北京市,东城区,11,0,中庸：混合社区,22
351,图吉纳咖啡Cafe.Bar,餐饮服务;咖啡厅;咖啡厅,东四北大街头条七号(东四地铁站B北口旁),116.418175,39.925101,北京市,北京市,东城区,11,0,中庸：混合社区,22
352,星巴克臻选(汉光百货店),餐饮服务;咖啡厅;星巴克咖啡,北京城区西单北大街176号汉光百货1楼(近小石虎胡同),116.37599,39.909262,北京市,北京市,西城区,18,3,中庸：混合社区,21
353,井咖啡,体育休闲服务;娱乐场所;娱乐场所,三眼井胡同与吉安所左巷交叉口西南20米,116.400275,39.927775,北京市,北京市,东城区,2,8,脆弱：极度依赖天气,-36
354,铁手咖啡制造局(metalhands),餐饮服务;咖啡厅;咖啡厅,北京城区南阳胡同6号6幢1层,116.413796,39.92923,北京市,北京市,东城区,10,0,中庸：混合社区,20
355,无问西东咖啡精酿鸡尾酒bistrobar,餐饮服务;咖啡厅;咖啡厅,东四街道东四北大街472号(东四地铁站B东北口步行200米),116.417721,39.926438,北京市,北京市,东城区,11,0,中庸：混合社区,22
356,漫咖啡MAAN COFFEE(西单钟声胡同店),餐饮服务;咖啡厅;咖啡厅,钟声胡同23号(西单地铁站C东北口步行210米),116.377821,39.909468,北京市,北京市,西城区,0,3,中庸：混合社区,-15
357,瑞幸咖啡(泰和国际大厦店),餐饮服务;咖啡厅;咖啡厅,骡马市大街8号楼泰和国际大厦一层103-2室,116.383075,39.888984,北京市,北京市,西城区,3,0,中庸：混合社区,6
358,咔咖咖啡(天安天地大厦店),餐饮服务;咖啡厅;咖啡厅,油坊胡同(宣武门地铁站F东北口步行280米),116.37596,39.903166,北京市,北京市,西城区,7,0,中庸：混合社区,14
359,柒cafe,餐饮服务;餐饮相关场所;餐饮相关,东四头条与东四北大街交叉口东60米(东四地铁站B东北口旁),116.418253,39.925098,北京市,北京市,东城区,11,0,中庸：混合社区,22
360,瑞幸咖啡(东方财富店),餐饮服务;咖啡厅;咖啡厅,安化北里2号院1号楼东方财富底商,116.436911,39.893361,北京市,北京市,东城区,5,1,中庸：混合社区,5
361,% Arabica阿拉比卡咖啡(更新场店),餐饮服务;咖啡厅;咖啡厅,北京城区西单北大街180号西单更新场M楼B16-118号,116.375141,39.907956,北京市,北京市,西城区,19,0,中庸：混合社区,38
362,回HUI(东景缘Temple店),餐饮服务;餐饮相关场所;餐饮相关,沙滩北街嵩祝寺23号院内,116.403615,39.928266,北京市,北京市,东城区,2,2,中庸：混合社区,-6
363,库迪咖啡(广渠门内地铁站店),餐饮服务;咖啡厅;咖啡厅,广渠门内大街29号7幢一层101-168,116.435421,39.893951,北京市,北京市,东城区,0,0,中庸：混合社区,0
364,瑞幸咖啡(华滨国际大酒店店),餐饮服务;咖啡厅;咖啡厅,宣武门内大街4号华滨国际大酒店一层大堂,116.376175,39.903725,北京市,北京市,西城区,7,0,中庸：混合社区,14
365,星巴克(庄胜崇光店),餐饮服务;咖啡厅;星巴克咖啡,北京城区宣武门外大街6号楼,116.375057,39.897577,北京市,北京市,西城区,26,0,抗寒：重度商务刚需,52
366,天桥艺术·咖啡与茶,餐饮服务;咖啡厅;咖啡厅,天桥南里(天桥地铁站A西北口步行270米),116.397041,39.882412,北京市,北京市,西城区,0,2,中庸：混合社区,-10
367,甲板DECK Coffee&Taproom(隆福寺店),餐饮服务;外国餐厅;西餐厅(综合风味),隆福寺街95号北京隆福寺北里L1层,116.41366,39.927755,北京市,北京市,东城区,9,0,中庸：混合社区,18
368,瑞幸咖啡(外交公寓店),餐饮服务;咖啡厅;咖啡厅,秀水街1号院外交公寓16号楼一层JG13室,116.43864,39.909543,北京市,北京市,朝阳区,14,0,中庸：混合社区,28
369,天桥艺术咖啡•前叁門,餐饮服务;餐饮相关场所;餐饮相关,天桥南大街9号楼1层106号(天桥地铁站D西南口步行90米),116.398325,39.881925,北京市,北京市,西城区,0,2,中庸：混合社区,-10
370,Yoomo & nest,餐饮服务;咖啡厅;咖啡厅,北京城区北京城区东四北大街425号,116.417186,39.927041,北京市,北京市,东城区,0,0,中庸：混合社区,0
371,GO IN HOUSE,体育休闲服务;娱乐场所;酒吧,光华路44号外交人员免税商店底商,116.436937,39.912668,北京市,北京市,朝阳区,14,1,中庸：混合社区,23
372,Costa Coffee(北京图书大厦店),餐饮服务;餐饮相关场所;餐饮相关,西长安街与钟声胡同交叉口西北80米(西单地铁站C东北口旁),116.377088,39.907788,北京市,北京市,西城区,8,0,中庸：混合社区,16
373,五饼二余,餐饮服务;咖啡厅;咖啡厅,前门西大街141号,116.374757,39.900787,北京市,北京市,西城区,22,0,抗寒：重度商务刚需,44
374,JM Cafe(东四店),餐饮服务;咖啡厅;咖啡厅,北京城区东四北大街360号,116.41753,39.929086,北京市,北京市,东城区,10,1,中庸：混合社区,15
375,瑞幸咖啡(雅宝大厦店),餐饮服务;咖啡厅;咖啡厅,雅宝路6号雅宝大厦一层大堂,116.437012,39.915253,北京市,北京市,朝阳区,16,2,中庸：混合社区,22
376,觥里Craft Beer&Coffee(朝内店),餐饮服务;咖啡厅;咖啡厅,朝阳门内大街路北137号孚王府(不对外开放)内(南侧),116.424696,39.924703,北京市,北京市,东城区,5,0,中庸：混合社区,10
377,星巴克北京银河SOHO店,餐饮服务;咖啡厅;星巴克咖啡,北京市南竹杆胡同2号1幢-1层1-123&1-126,116.433471,39.920939,北京市,北京市,东城区,0,1,中庸：混合社区,-5
378,瑞幸咖啡(天桥百货商场店),餐饮服务;咖啡厅;咖啡厅,永定门内大街1号天桥百货商场F1层,116.398259,39.880464,北京市,北京市,西城区,0,4,中庸：混合社区,-20
379,Peet's Coffee皮爷咖啡(西单君太店),餐饮服务;咖啡厅;咖啡厅,西单北大街133号1楼,116.3735,39.909417,北京市,北京市,西城区,22,3,抗寒：重度商务刚需,29
380,MindMasterCoffee,餐饮服务;咖啡厅;咖啡厅,白桥大街10号天娇园,116.439147,39.897924,北京市,北京市,东城区,4,2,中庸：混合社区,-2
381,糖房咖啡(什刹海店),餐饮服务;餐饮相关场所;餐饮相关,北京城区什刹海街道前海东沿22号3层-4层,116.394115,39.938976,北京市,北京市,西城区,0,5,中庸：混合社区,-25
382,阿嬷手作(北京三里屯太古里店),体育休闲服务;休闲场所;休闲场所,北京城区三里屯太古里南区一层S9-11阿嬷手作(靠近苹果店),116.453886,39.93454,北京市,北京市,朝阳区,20,0,中庸：混合社区,40
384,紫光园清真北京小吃(天安门店),餐饮服务;餐饮相关场所;餐饮相关,北京城区前门西大街正阳市场1号楼1层106,116.395612,39.899509,北京市,北京市,西城区,0,4,中庸：混合社区,-20
386,JM Cafe咖啡(白塔寺店),餐饮服务;咖啡厅;咖啡厅,北京城区宫门口东岔29号,116.362449,39.925763,北京市,北京市,西城区,8,0,中庸：混合社区,16
387,隆延茶铺·正统奶茶(东直门来福士店),餐饮服务;冷饮店;冷饮店,东直门南大街1-1来福士B1层B1-K22K25,116.432445,39.940244,北京市,北京市,东城区,16,1,中庸：混合社区,27
388,8KM COFFEE,餐饮服务;咖啡厅;咖啡厅,阜通东大街6号院2号楼方恒国际B座1层102,116.48087,39.990321,北京市,北京市,朝阳区,61,2,抗寒：重度商务刚需,112
389,紫光园奶皮子酸奶站(北京站店),餐饮服务;餐饮相关场所;餐饮相关,建国门街道北京站东街东寿禄39号平价超市,116.43072,39.904618,北京市,北京市,东城区,17,2,中庸：混合社区,24
390,喜茶(三里屯太古里店),餐饮服务;冷饮店;冷饮店,三里屯路19号院地下一层SLG33b单元,116.45467,39.935132,北京市,北京市,朝阳区,18,0,中庸：混合社区,36
391,星巴克咖啡(北投新奥购物中心店),餐饮服务;咖啡厅;星巴克咖啡,北京城区湖景东路9、11号2幢-1层-101内B1-05单元,116.394965,39.999792,北京市,北京市,朝阳区,0,4,中庸：混合社区,-20
392,URBAN GREEN(北京雍和宫店),购物服务;服装鞋帽皮具店;品牌服装店|餐饮服务;咖啡厅;咖啡厅,前永康胡同11号东雍文化园内,116.42026,39.944164,北京市,北京市,东城区,19,0,中庸：混合社区,38
393,紫光园酸奶站(南锣鼓巷店),餐饮服务;餐饮相关场所;餐饮相关,南锣鼓巷121号(南锣鼓巷地铁站E西北口步行190米),116.40306,39.935366,北京市,北京市,东城区,0,0,中庸：混合社区,0
394,青玉酸奶,餐饮服务;冷饮店;冷饮店,北京城区豆角胡同46号,116.398483,39.936717,北京市,北京市,东城区,0,4,中庸：混合社区,-20
395,喜茶·茶坊(北京三里屯太古里黑金店),餐饮服务;冷饮店;冷饮店,三里屯太古里西区一层W1-10,116.453264,39.934638,北京市,北京市,朝阳区,17,0,中庸：混合社区,34
397,静水StillWater,餐饮服务;咖啡厅;咖啡厅,鼓楼东大街69号,116.405482,39.941009,北京市,北京市,东城区,1,0,中庸：混合社区,2
398,VOYAGE COFFEE Espresso(南锣鼓巷店),餐饮服务;咖啡厅;咖啡厅,地安门东大街97号(南锣鼓巷地铁站A西北口步行190米),116.400267,39.93363,北京市,北京市,东城区,0,4,中庸：混合社区,-20
399,1901 Cafe(西四店),餐饮服务;咖啡厅;咖啡厅,西安门大街101号(近西什库大街),116.378154,39.92276,北京市,北京市,西城区,1,0,中庸：混合社区,2
401,BLOOM,购物服务;购物相关场所;购物相关场所,北京城区高碑店路398号崇德文化产业园C区5号,116.527159,39.881152,北京市,北京市,朝阳区,0,1,中庸：混合社区,-5
402,茶百道(合生汇店),餐饮服务;冷饮店;冷饮店,西大望路21号北京朝阳合生汇B2(九龙山地铁站E西北口旁),116.479246,39.893744,北京市,北京市,朝阳区,0,0,中庸：混合社区,0
403,漫咖啡MAAN COFFEE(四得公园店),餐饮服务;咖啡厅;咖啡厅,将台西路9-7号(将台西地铁站A口旁),116.478138,39.972486,北京市,北京市,朝阳区,8,0,中庸：混合社区,16
405,il gatto coffee意咖多咖啡(日坛店),餐饮服务;咖啡厅;咖啡厅,秀水东街1号圭亚那大使馆马路对面,116.449427,39.916336,北京市,北京市,朝阳区,0,6,脆弱：极度依赖天气,-30
406,星巴克(北京蓝色港湾RO臻选店),餐饮服务;咖啡厅;星巴克咖啡,朝阳公园路6号SOLANA蓝色港湾1F层,116.473616,39.949201,北京市,北京市,朝阳区,9,0,中庸：混合社区,18
407,尹三豆汁冰淇淋(南锣鼓巷店),餐饮服务;冷饮店;冷饮店,南锣鼓巷89号(南锣鼓巷地铁站E西北口步行380米),116.403095,39.937179,北京市,北京市,东城区,1,0,中庸：混合社区,2
408,星巴克(北京三里屯SOHO一店),餐饮服务;咖啡厅;星巴克咖啡,北京城区工人体育场北路8号院1号楼1层1118,116.453273,39.932847,北京市,北京市,朝阳区,18,0,中庸：混合社区,36
411,CHARLIETOWN红茶公司(北京国贸商城店),餐饮服务;冷饮店;冷饮店,建国门外大街1号国贸商城北区L2层NL2026(二楼耐克对面),116.460898,39.912718,北京市,北京市,朝阳区,51,2,抗寒：重度商务刚需,92
413,BE YOLO(菜市口店),购物服务;服装鞋帽皮具店;品牌服装店,天景胡同6号13室,116.374105,39.884788,北京市,北京市,西城区,5,1,中庸：混合社区,5
414,蜜雪冰城(三里屯SOHO旗舰店),餐饮服务;冷饮店;冷饮店,三里屯SOHO蜜雪冰城旗舰店,116.454009,39.932415,北京市,北京市,朝阳区,17,0,中庸：混合社区,34
416,星巴克臻选(新地佰店),餐饮服务;咖啡厅;星巴克咖啡,什刹海街道地安门外大街31号1号楼1层1-04号,116.395725,39.938325,北京市,北京市,西城区,0,5,中庸：混合社区,-25
419,鼓捣猫呢咖啡馆(南锣鼓巷店),餐饮服务;咖啡厅;咖啡厅,南锣鼓巷小菊儿胡同71号,116.403476,39.939871,北京市,北京市,东城区,1,1,中庸：混合社区,-3
421,星巴克(北京雍和大厦店),餐饮服务;咖啡厅;星巴克咖啡,北京城区安定门东大街28号雍和大厦C座1层西侧,116.420844,39.948383,北京市,北京市,东城区,28,0,抗寒：重度商务刚需,56
422,喜茶(北京凯德MALL西直门店),餐饮服务;冷饮店;冷饮店,西直门外大街1号凯德MALL(西直门店)F1层,116.352816,39.941917,北京市,北京市,西城区,27,2,抗寒：重度商务刚需,44
423,Songmont山下有松(颐堤港店),餐饮服务;冷饮店;冷饮店,北京城区酒仙桥路18号颐堤港L1层L1-156,116.491866,39.969615,北京市,北京市,朝阳区,0,0,中庸：混合社区,0
425,霸王茶姬(北京朝阳合生汇店),餐饮服务;冷饮店;冷饮店,北京城区西大望路甲22号院合生汇1号楼B1层B1-19号,116.479995,39.893618,北京市,北京市,朝阳区,7,0,中庸：混合社区,14
426,漫咖啡MAAN COFFEE(望京店),餐饮服务;咖啡厅;咖啡厅,望京街200号,116.479045,40.000394,北京市,北京市,朝阳区,16,0,中庸：混合社区,32
427,瑞幸咖啡(什刹海新地佰店),餐饮服务;咖啡厅;咖啡厅,地安门外大街31号1号楼新地佰商场负一层B1-21号,116.39539,39.937757,北京市,北京市,西城区,0,5,中庸：混合社区,-25
428,三元梅园(什刹海店),餐饮服务;冷饮店;冷饮店,北京城区地安门外大街31号新地佰地下一层,116.39534,39.937941,北京市,北京市,西城区,0,5,中庸：混合社区,-25
430,ORIGINE-Coffee&Bistro,餐饮服务;咖啡厅;咖啡厅,光华北一街双花园南里三区19号楼1-101,116.459875,39.899062,北京市,北京市,朝阳区,0,2,中庸：混合社区,-10
431,喜茶(北京朝阳大悦城店B1层),餐饮服务;冷饮店;冷饮店,朝阳北路101号楼朝阳大悦城B1-11(青年路地铁站B东北口),116.519359,39.924,北京市,北京市,朝阳区,6,0,中庸：混合社区,12
432,瑞幸咖啡(合生汇店),餐饮服务;咖啡厅;咖啡厅,西大望路甲22号院1号楼商业部分一层21A-02号,116.480516,39.893876,北京市,北京市,朝阳区,7,0,中庸：混合社区,14
434,星巴克臻选(北京国贸四店),餐饮服务;咖啡厅;星巴克咖啡,建国门外大街1号国贸商城1期地下一层SB122A,116.45808,39.909573,北京市,北京市,朝阳区,51,0,抗寒：重度商务刚需,102
435,福顶咖啡(雍和宫店),餐饮服务;咖啡厅;咖啡厅,五道营胡同26号(雍和宫地铁站G西南口步行150米),116.414555,39.94837,北京市,北京市,东城区,11,4,中庸：混合社区,2
436,星巴克(常通路店),餐饮服务;咖啡厅;星巴克咖啡,龙湖长楹天街购物中心西区一层和二层,116.60036,39.925201,北京市,北京市,朝阳区,6,3,中庸：混合社区,-3
437,瑞幸咖啡(西直门凯德MALL 负一层店),餐饮服务;咖啡厅;咖啡厅,西直门外大街1号西直门凯德茂负一层55、56、57号,116.353246,39.942008,北京市,北京市,西城区,0,2,中庸：混合社区,-10
438,TIANROAST COFFEE(大望路店),餐饮服务;咖啡厅;咖啡厅,建外街道恒源路建国门外郎家园10号61幢1层A2-03,116.472422,39.907156,北京市,北京市,朝阳区,33,0,抗寒：重度商务刚需,66
439,% Arabica阿拉比卡咖啡(白塔寺店),餐饮服务;咖啡厅;咖啡厅,白塔寺东夹道72号,116.363752,39.924447,北京市,北京市,西城区,10,0,中庸：混合社区,20
440,星巴克(西直门凯德MALL店),餐饮服务;咖啡厅;星巴克咖啡,北京城区西直门外大街1号西环广场凯德MALL购物中心B1楼,116.353533,39.941924,北京市,北京市,西城区,25,2,抗寒：重度商务刚需,40
441,萤火虫咖啡(砖著店),餐饮服务;咖啡厅;咖啡厅,西砖胡同甲19号(距地铁4/7线菜市口站D口西南口步行630m),116.37022,39.887096,北京市,北京市,西城区,4,2,中庸：混合社区,-2
442,瑞幸咖啡(南锣鼓巷店),餐饮服务;咖啡厅;咖啡厅,地安门东大街南锣鼓巷站一层108室,116.403498,39.933275,北京市,北京市,东城区,1,3,中庸：混合社区,-13
443,茉莉奶白(北京朝阳合生汇店),餐饮服务;冷饮店;冷饮店,西大望路21号北京合生汇B1层B1-29A,116.478337,39.89383,北京市,北京市,朝阳区,9,0,中庸：混合社区,18
444,星巴克臻选(北京合生汇2店),餐饮服务;咖啡厅;星巴克咖啡,北京城区西大望路甲22号合生汇L1层L1-23,116.479304,39.893692,北京市,北京市,朝阳区,0,0,中庸：混合社区,0
445,2333咖啡,餐饮服务;咖啡厅;咖啡厅,酒仙桥兆维工业园A2-2(将台地铁站A西北口步行320米),116.491615,39.973248,北京市,北京市,朝阳区,23,0,抗寒：重度商务刚需,46
448,JM Cafe(北锣店),餐饮服务;咖啡厅;咖啡厅,北锣鼓巷45号,116.40261,39.945003,北京市,北京市,东城区,1,1,中庸：混合社区,-3
451,TOWN HOUSE 北欧咖啡(国子监店),餐饮服务;咖啡厅;咖啡厅,国子监街76号,116.409654,39.945367,北京市,北京市,东城区,0,2,中庸：混合社区,-10
453,隆延茶铺(三里屯T+mall店),餐饮服务;冷饮店;冷饮店,北京城区三里屯一号场地下一层B1-18,116.454923,39.932212,北京市,北京市,朝阳区,19,0,中庸：混合社区,38
454,文宇奶酪店(南锣鼓巷店),餐饮服务;甜品店;甜品店,南锣鼓巷49号,116.403112,39.938691,北京市,北京市,东城区,1,1,中庸：混合社区,-3
456,奈雪的茶(北京朝阳合生汇店),餐饮服务;冷饮店;冷饮店,西大望路甲22号北京朝阳合生汇B1层,116.479394,39.89366,北京市,北京市,朝阳区,8,0,中庸：混合社区,16
461,铁手咖啡友谊花园店,餐饮服务;咖啡厅;咖啡厅,北京城区建国门外大街17号22幢平房,116.442989,39.909894,北京市,北京市,朝阳区,0,4,中庸：混合社区,-20
462,星巴克(护国新天地店),餐饮服务;咖啡厅;星巴克咖啡,北京城区护国寺街85号11号楼1层F1-3单元,116.37523,39.935212,北京市,北京市,西城区,1,2,中庸：混合社区,-8
463,星巴克(北京西城远洋大厦店),餐饮服务;咖啡厅;星巴克咖啡,北京城区复兴门内大街158号远洋大厦首层G03A,116.360002,39.905754,北京市,北京市,西城区,29,0,抗寒：重度商务刚需,58
464,星巴克臻选(北京太阳宫凯德店),餐饮服务;咖啡厅;星巴克咖啡,太阳宫中路12号凯德MALL1层44-45号,116.446731,39.971287,北京市,北京市,朝阳区,5,0,中庸：混合社区,10
465,三元梅园(王府井店),购物服务;专卖店;专营店|风景名胜;风景名胜相关;旅游景点,王府井大街253号百货大楼B1层,116.410236,39.914013,北京市,北京市,东城区,0,2,中庸：混合社区,-10
469,脸红秦田田(合生汇店),餐饮服务;中餐厅;中餐厅,西大望路合生汇B1-21街区67B号,116.48121,39.893693,北京市,北京市,朝阳区,7,0,中庸：混合社区,14
470,Cafe Zarah(鼓楼东大街店),餐饮服务;咖啡厅;咖啡厅,鼓楼东大街46号,116.406204,39.940746,北京市,北京市,东城区,1,0,中庸：混合社区,2
471,星巴克(北京官舍万科公园五号店),餐饮服务;咖啡厅;星巴克咖啡,甜水西园17号楼1层101内01号,116.477753,39.92542,北京市,北京市,朝阳区,6,1,中庸：混合社区,7
473,Peet's Coffee皮爷咖啡(合生麒麟新天地店),餐饮服务;咖啡厅;咖啡厅,北京城区阜安西路11号楼1层01128室,116.478329,39.997202,北京市,北京市,朝阳区,20,1,中庸：混合社区,35
474,星巴克(北京金融街金树街店),餐饮服务;咖啡厅;星巴克咖啡,北京城区金城坊街金融街公寓F座9-11号,116.361498,39.917285,北京市,北京市,西城区,50,3,抗寒：重度商务刚需,85
475,Peet's Coffee 皮爷咖啡(环贸中心店),餐饮服务;咖啡厅;咖啡厅,北京城区北三环东路36号E座10房间,116.41067,39.966516,北京市,北京市,东城区,15,0,中庸：混合社区,30
477,星巴克(国奥中心店),餐饮服务;咖啡厅;星巴克咖啡,北京城区林萃东路2号院甲3号楼国奥中心1层F106室,116.381397,40.009255,北京市,北京市,朝阳区,3,2,中庸：混合社区,-4
478,METAL铁手咖啡制造局 (白塔寺店),餐饮服务;咖啡厅;咖啡厅,新街口街道东岔86号、宫门口东岔86号1号房,116.362679,39.92417,北京市,北京市,西城区,17,2,中庸：混合社区,24
479,TIANROAST咖啡体验馆(751店),餐饮服务;咖啡厅;咖啡厅,酒仙桥北路751D·PARKB7(奥迪办公楼南侧),116.499856,39.984231,北京市,北京市,朝阳区,13,0,中庸：混合社区,26
480,瑞幸咖啡(新奥天虹店),餐饮服务;咖啡厅;咖啡厅,湖景东路9号新奥天虹商场B1层,116.394591,40.001496,北京市,北京市,朝阳区,1,3,中庸：混合社区,-13
481,爷爷不泡茶NOYEYENOTEA(北京合生汇店),餐饮服务;冷饮店;冷饮店,北京城区西大望路甲22号院1号楼-B1 层-105内-1层18B号,116.480226,39.893651,北京市,北京市,朝阳区,7,0,中庸：混合社区,14
482,StillCoffee还是咖啡(大望路店),餐饮服务;咖啡厅;咖啡厅,建国路东郎电影创意产业园Y栋2层202号,116.472862,39.907223,北京市,北京市,朝阳区,33,0,抗寒：重度商务刚需,66
483,CHAGEE霸王茶姬(新奥购物中心店),餐饮服务;冷饮店;冷饮店,北京城区新奥购物中心地下一层东B门下扶梯右手边,116.395874,40.000345,北京市,北京市,朝阳区,1,4,中庸：混合社区,-18
485,星巴克臻选(北京凤凰汇店),餐饮服务;咖啡厅;星巴克咖啡,北京城区曙光西里甲5号院10号楼-17-1层17,116.455079,39.963292,北京市,北京市,朝阳区,17,0,中庸：混合社区,34
486,HALF COFFEE(宏恩观店),餐饮服务;咖啡厅;咖啡厅,豆腐池胡同21号观中内,116.396149,39.943962,北京市,北京市,东城区,0,0,中庸：混合社区,0
488,Grid Coffee(北京奥森公园店),餐饮服务;餐饮相关场所;餐饮相关,科荟路27号,116.393065,40.011659,北京市,北京市,朝阳区,3,6,脆弱：极度依赖天气,-24
491,星巴克咖啡(乐成中心SPACE3店),餐饮服务;咖啡厅;星巴克咖啡,北京城区东三环中路22号楼乐成中心1层1-15号(双井地铁站E口旁),116.46225,39.894473,北京市,北京市,朝阳区,20,0,中庸：混合社区,40
492,星巴克(南锣鼓巷店),餐饮服务;咖啡厅;星巴克咖啡,北京城区南锣鼓巷20号,116.403402,39.939689,北京市,北京市,东城区,1,1,中庸：混合社区,-3
493,山喜之手作(合生汇店),餐饮服务;冷饮店;冷饮店,双井街道西大望路甲22号朝阳合生汇B1层02B,116.478319,39.894209,北京市,北京市,朝阳区,9,0,中庸：混合社区,18
494,吾肆WUSI FLORA CAFE&BAR(胡同店),餐饮服务;咖啡厅;咖啡厅,方家胡同与公益巷交叉口东南20米,116.411338,39.943999,北京市,北京市,东城区,0,0,中庸：混合社区,0
495,星巴克(合生麒麟新天地店),餐饮服务;咖啡厅;星巴克咖啡,北京城区望京街4号楼一层星巴克门店,116.477712,39.996653,北京市,北京市,朝阳区,18,1,中庸：混合社区,31
496,星巴克臻选(北京华贸非遗概念店),餐饮服务;咖啡厅;星巴克咖啡,北京城区非遗店一楼外面(大望路地铁站H东北口步行190米),116.480054,39.909481,北京市,北京市,朝阳区,31,0,抗寒：重度商务刚需,62
497,裕莲茶楼(北京朝阳大悦城店),餐饮服务;冷饮店;冷饮店,朝阳北路101号楼1层101内1F-02B,116.519164,39.923906,北京市,北京市,朝阳区,6,0,中庸：混合社区,12
499,帝星咖啡(望京南湖店),餐饮服务;咖啡厅;咖啡厅,北京城区南湖中园304号楼1层101内102、2层201,116.462402,39.993676,北京市,北京市,朝阳区,8,0,中庸：混合社区,16
500,星巴克臻选北京安贞环宇荟店,餐饮服务;咖啡厅;星巴克咖啡,北京市安定路5号院6号楼L104-1号,116.406058,39.977548,北京市,北京市,朝阳区,26,2,抗寒：重度商务刚需,42
501,Peet's Coffee皮爷咖啡(三里屯太古里南区店),餐饮服务;咖啡厅;咖啡厅,北京城区三里屯路19号院5号楼二层S05-2内S5-20单元,116.453703,39.935043,北京市,北京市,朝阳区,17,0,中庸：混合社区,34
503,CHAGEE霸王茶姬(北京T+MALL店),餐饮服务;冷饮店;冷饮店,南三里屯路1号三里屯一号场T+MALLF1层,116.45495,39.932018,北京市,北京市,朝阳区,19,0,中庸：混合社区,38
507,星巴克臻选(望京凯德MALL店),餐饮服务;咖啡厅;星巴克咖啡,北京城区广顺北大街33号望京凯德MALL一层,116.46898,39.992932,北京市,北京市,朝阳区,14,0,中庸：混合社区,28
509,麦记牛奶(北京西单更新场店),餐饮服务;冷饮店;冷饮店,北京城区西单北大街180号华润置地西单更新场B104,116.375584,39.908596,北京市,北京市,西城区,20,0,中庸：混合社区,40
510,星巴克(北京盈科中心咖啡店),餐饮服务;咖啡厅;星巴克咖啡,"北京城区工人体育场北路甲2号裙房01层103A单元及02层202A,203A单元",116.458071,39.932451,北京市,北京市,朝阳区,20,0,中庸：混合社区,40
512,LINLEE·手打柠檬茶(合生汇店),餐饮服务;冷饮店;冷饮店,北京城区西大望路21号合生汇B2层B2-K01,116.479836,39.893698,北京市,北京市,朝阳区,8,0,中庸：混合社区,16
514,星巴克臻选(北京望京SOHO 2店),餐饮服务;咖啡厅;星巴克咖啡,北京城区阜通东大街1号院5号楼SOHOT3一层3118-3119,116.48109,39.995806,北京市,北京市,朝阳区,26,1,抗寒：重度商务刚需,47
515,瑞幸咖啡(恒奥中心·冯唐主题店),餐饮服务;餐饮相关场所;餐饮相关,锦什坊街26号恒奥中心店C座一层大堂,116.363128,39.922369,北京市,北京市,西城区,29,2,抗寒：重度商务刚需,48
516,JM Cafe(团结湖店),餐饮服务;咖啡厅;咖啡厅,北京城区东朗团结新里东门23号楼,116.469079,39.929687,北京市,北京市,朝阳区,2,4,中庸：混合社区,-16
518,星巴克(北京西单北大街第二店),餐饮服务;咖啡厅;星巴克咖啡,北京城区西单北大街133号君太百货二层,116.373132,39.909857,北京市,北京市,西城区,23,3,抗寒：重度商务刚需,31
519,% Arabica阿拉比卡咖啡(三里屯太古里南区店),餐饮服务;咖啡厅;咖啡厅,三里屯路19号三里屯太古里南区L1层,116.45479,39.93565,北京市,北京市,朝阳区,17,0,中庸：混合社区,34
520,漫咖啡MAANCOFFEE(万象新天店),餐饮服务;咖啡厅;咖啡厅,北京城区常惠路3号楼1层1012层201,116.599049,39.929716,北京市,北京市,朝阳区,2,2,中庸：混合社区,-6
521,喜茶(北京蓝色港湾店),餐饮服务;冷饮店;冷饮店,朝阳公园路6号蓝色港湾室内步行街1F层SM1-553号,116.476423,39.949879,北京市,北京市,朝阳区,0,1,中庸：混合社区,-5
525,星巴克(北京金融大街店),餐饮服务;咖啡厅;星巴克咖啡,北京城区金融大家甲9号金融街中心1-101,116.35898,39.91949,北京市,北京市,西城区,46,3,抗寒：重度商务刚需,77
528,瑞幸咖啡(光华路SOHO二期店),餐饮服务;咖啡厅;咖啡厅,呼家楼街道光华路9号SOHO2E座,116.450973,39.914126,北京市,北京市,朝阳区,0,1,中庸：混合社区,-5
530,茉酸奶(北京三里屯SOHO店),餐饮服务;冷饮店;冷饮店,北京城区工人体育场北路8号院3号楼1层3110-1,116.453447,39.932574,北京市,北京市,朝阳区,15,0,中庸：混合社区,30
532,CHAGEE霸王茶姬(北京西直门凯德店),餐饮服务;冷饮店;冷饮店,西直门外大街1号凯德MALL-1层-101-B1-36A.36B号,116.35324,39.94137,北京市,北京市,西城区,25,2,抗寒：重度商务刚需,40
533,星巴克(北京世东国际店),餐饮服务;咖啡厅;星巴克咖啡,广渠路18号世东国际1号楼1层105-106单元,116.502495,39.892201,北京市,北京市,朝阳区,3,0,中庸：混合社区,6
534,星巴克(朝阳大悦城店),餐饮服务;咖啡厅;星巴克咖啡,北京城区朝阳北路101号楼朝阳大悦城5层48号商铺,116.518759,39.923885,北京市,北京市,朝阳区,6,0,中庸：混合社区,12
538,阿嬷手作(北京华贸店),体育休闲服务;休闲场所;休闲场所,北京城区skp北门旁边(茅台品藏馆华贸skp店对面),116.480548,39.910543,北京市,北京市,朝阳区,23,0,抗寒：重度商务刚需,46
539,星巴克(北京望京东路咖啡店),餐饮服务;咖啡厅;星巴克咖啡,望京东园四区6号楼北望金辉大厦1层105单元,116.48902,40.002582,北京市,北京市,朝阳区,22,1,抗寒：重度商务刚需,39
540,CoCo都可(新奥工美店),餐饮服务;冷饮店;冷饮店,天辰东路10号4幢-1层-110内K10,116.393511,40.001469,北京市,北京市,朝阳区,4,3,中庸：混合社区,-7
541,煮叶(国贸商城店),餐饮服务;中餐厅;中餐厅|餐饮服务;茶艺馆;茶艺馆,建国门外大街1号院1幢-01层-101内3B215铺位N17门进地下一层,116.459478,39.912462,北京市,北京市,朝阳区,56,1,抗寒：重度商务刚需,107
546,星巴克咖啡(北京市潘家园旧货市场店),餐饮服务;咖啡厅;星巴克咖啡,潘家园街道潘家园路潘家园旧货市场北商房2-3号市场,116.457466,39.876051,北京市,北京市,朝阳区,5,0,中庸：混合社区,10
548,隆延茶铺(大望路SKPS店),餐饮服务;冷饮店;冷饮店,建国路86号SKP-S商场B1层,116.47898,39.907246,北京市,北京市,朝阳区,25,0,抗寒：重度商务刚需,50
549,星巴克(北京惠新东街咖啡店),餐饮服务;咖啡厅;星巴克咖啡,北京城区惠新东街4号3号楼1层101单元,116.424476,39.987227,北京市,北京市,朝阳区,8,0,中庸：混合社区,16
551,星巴克(国贸商城3期A座店),餐饮服务;咖啡厅;星巴克咖啡,北京城区国贸商城3期A座2层,116.458554,39.912774,北京市,北京市,朝阳区,0,2,中庸：混合社区,-10
552,瑞幸咖啡(望京凯德MALL-1F店),餐饮服务;咖啡厅;咖啡厅,广顺北大街33号院213号楼一层101内01-22号,116.468328,39.993411,北京市,北京市,朝阳区,13,0,中庸：混合社区,26
553,COSTA COFFEE(雍和宫店),餐饮服务;咖啡厅;咖啡厅,雍和宫大街五道营胡同1-3号,116.416307,39.948466,北京市,北京市,东城区,15,0,中庸：混合社区,30
554,星巴克(中邮保险玖安广场店),餐饮服务;咖啡厅;星巴克咖啡,北京城区安定门外大街208号中粮置地广场高塔1层1F-08商铺,116.408712,39.952047,北京市,北京市,东城区,7,1,中庸：混合社区,9
556,瑞幸咖啡(长楹天街店),餐饮服务;咖啡厅;咖啡厅,常通路3号院长楹商业街西区商场外南面一层,116.598265,39.925031,北京市,北京市,朝阳区,6,3,中庸：混合社区,-3
